date,consumption_gwh,slp_gwh,rlm_gwh,status,source
2024-08-01,1289.804,177.380,1112.424,final,Trading Hub Europe AggregatedConsumptionData
2024-08-02,1239.914,181.612,1058.303,final,Trading Hub Europe AggregatedConsumptionData
2024-08-03,1032.293,182.136,850.156,final,Trading Hub Europe AggregatedConsumptionData
2024-08-04,1064.672,194.455,870.217,final,Trading Hub Europe AggregatedConsumptionData
2024-08-05,1313.895,199.903,1113.992,final,Trading Hub Europe AggregatedConsumptionData
2024-08-06,1275.664,186.168,1089.496,final,Trading Hub Europe AggregatedConsumptionData
2024-08-07,1293.863,182.328,1111.535,final,Trading Hub Europe AggregatedConsumptionData
2024-08-08,1257.446,190.839,1066.607,final,Trading Hub Europe AggregatedConsumptionData
2024-08-09,1152.498,188.441,964.057,final,Trading Hub Europe AggregatedConsumptionData
2024-08-10,1003.365,179.336,824.028,final,Trading Hub Europe AggregatedConsumptionData
2024-08-11,1029.383,178.640,850.744,final,Trading Hub Europe AggregatedConsumptionData
2024-08-12,1203.146,169.106,1034.040,final,Trading Hub Europe AggregatedConsumptionData
2024-08-13,1180.890,159.431,1021.459,final,Trading Hub Europe AggregatedConsumptionData
2024-08-14,1281.076,160.829,1120.247,final,Trading Hub Europe AggregatedConsumptionData
2024-08-15,1200.093,163.027,1037.066,final,Trading Hub Europe AggregatedConsumptionData
2024-08-16,1209.938,166.613,1043.325,final,Trading Hub Europe AggregatedConsumptionData
2024-08-17,1038.151,170.713,867.438,final,Trading Hub Europe AggregatedConsumptionData
2024-08-18,1008.835,190.357,818.478,final,Trading Hub Europe AggregatedConsumptionData
2024-08-19,1316.799,207.944,1108.855,final,Trading Hub Europe AggregatedConsumptionData
2024-08-20,1249.071,201.823,1047.248,final,Trading Hub Europe AggregatedConsumptionData
2024-08-21,1276.662,225.271,1051.391,final,Trading Hub Europe AggregatedConsumptionData
2024-08-22,1253.092,228.730,1024.362,final,Trading Hub Europe AggregatedConsumptionData
2024-08-23,1161.382,204.252,957.130,final,Trading Hub Europe AggregatedConsumptionData
2024-08-24,952.556,174.692,777.864,final,Trading Hub Europe AggregatedConsumptionData
2024-08-25,1072.936,196.790,876.147,final,Trading Hub Europe AggregatedConsumptionData
2024-08-26,1390.794,221.385,1169.409,final,Trading Hub Europe AggregatedConsumptionData
2024-08-27,1373.102,217.716,1155.386,final,Trading Hub Europe AggregatedConsumptionData
2024-08-28,1326.230,193.601,1132.629,final,Trading Hub Europe AggregatedConsumptionData
2024-08-29,1410.567,175.985,1234.582,final,Trading Hub Europe AggregatedConsumptionData
2024-08-30,1276.122,179.466,1096.655,final,Trading Hub Europe AggregatedConsumptionData
2024-08-31,1020.858,181.788,839.070,final,Trading Hub Europe AggregatedConsumptionData
2024-09-01,1077.339,179.596,897.743,final,Trading Hub Europe AggregatedConsumptionData
2024-09-02,1361.771,178.892,1182.878,final,Trading Hub Europe AggregatedConsumptionData
2024-09-03,1478.744,177.294,1301.450,final,Trading Hub Europe AggregatedConsumptionData
2024-09-04,1473.953,183.945,1290.008,final,Trading Hub Europe AggregatedConsumptionData
2024-09-05,1294.908,175.129,1119.779,final,Trading Hub Europe AggregatedConsumptionData
2024-09-06,1261.579,177.514,1084.065,final,Trading Hub Europe AggregatedConsumptionData
2024-09-07,1048.582,171.677,876.905,final,Trading Hub Europe AggregatedConsumptionData
2024-09-08,1083.857,184.429,899.427,final,Trading Hub Europe AggregatedConsumptionData
2024-09-09,1372.535,231.545,1140.990,final,Trading Hub Europe AggregatedConsumptionData
2024-09-10,1375.336,283.098,1092.238,final,Trading Hub Europe AggregatedConsumptionData
2024-09-11,1586.484,381.608,1204.876,final,Trading Hub Europe AggregatedConsumptionData
2024-09-12,1860.977,517.417,1343.560,final,Trading Hub Europe AggregatedConsumptionData
2024-09-13,1745.648,590.497,1155.151,final,Trading Hub Europe AggregatedConsumptionData
2024-09-14,1583.443,600.045,983.399,final,Trading Hub Europe AggregatedConsumptionData
2024-09-15,1567.127,553.855,1013.273,final,Trading Hub Europe AggregatedConsumptionData
2024-09-16,1797.228,493.711,1303.517,final,Trading Hub Europe AggregatedConsumptionData
2024-09-17,1600.723,395.847,1204.876,final,Trading Hub Europe AggregatedConsumptionData
2024-09-18,1498.635,330.412,1168.223,final,Trading Hub Europe AggregatedConsumptionData
2024-09-19,1482.305,310.941,1171.364,final,Trading Hub Europe AggregatedConsumptionData
2024-09-20,1384.598,306.843,1077.755,final,Trading Hub Europe AggregatedConsumptionData
2024-09-21,1264.570,311.579,952.991,final,Trading Hub Europe AggregatedConsumptionData
2024-09-22,1303.017,309.442,993.575,final,Trading Hub Europe AggregatedConsumptionData
2024-09-23,1602.205,325.440,1276.765,final,Trading Hub Europe AggregatedConsumptionData
2024-09-24,1576.542,371.224,1205.318,final,Trading Hub Europe AggregatedConsumptionData
2024-09-25,1587.999,388.207,1199.792,final,Trading Hub Europe AggregatedConsumptionData
2024-09-26,1533.290,383.648,1149.643,final,Trading Hub Europe AggregatedConsumptionData
2024-09-27,1539.515,432.225,1107.289,final,Trading Hub Europe AggregatedConsumptionData
2024-09-28,1588.916,561.398,1027.518,final,Trading Hub Europe AggregatedConsumptionData
2024-09-29,1738.880,670.487,1068.393,final,Trading Hub Europe AggregatedConsumptionData
2024-09-30,1973.715,682.639,1291.076,final,Trading Hub Europe AggregatedConsumptionData
2024-10-01,1958.659,653.966,1304.694,final,Trading Hub Europe AggregatedConsumptionData
2024-10-02,2007.175,685.795,1321.379,final,Trading Hub Europe AggregatedConsumptionData
2024-10-03,1896.764,736.679,1160.085,final,Trading Hub Europe AggregatedConsumptionData
2024-10-04,2068.092,795.740,1272.352,final,Trading Hub Europe AggregatedConsumptionData
2024-10-05,1972.990,839.597,1133.392,final,Trading Hub Europe AggregatedConsumptionData
2024-10-06,1955.212,824.588,1130.623,final,Trading Hub Europe AggregatedConsumptionData
2024-10-07,1976.020,655.028,1320.992,final,Trading Hub Europe AggregatedConsumptionData
2024-10-08,1812.477,550.717,1261.760,final,Trading Hub Europe AggregatedConsumptionData
2024-10-09,1785.228,532.917,1252.311,final,Trading Hub Europe AggregatedConsumptionData
2024-10-10,1917.651,600.809,1316.841,final,Trading Hub Europe AggregatedConsumptionData
2024-10-11,2146.305,784.530,1361.775,final,Trading Hub Europe AggregatedConsumptionData
2024-10-12,1923.684,821.416,1102.268,final,Trading Hub Europe AggregatedConsumptionData
2024-10-13,2025.223,881.440,1143.782,final,Trading Hub Europe AggregatedConsumptionData
2024-10-14,2537.024,947.413,1589.611,final,Trading Hub Europe AggregatedConsumptionData
2024-10-15,2363.776,907.312,1456.465,final,Trading Hub Europe AggregatedConsumptionData
2024-10-16,2184.393,796.440,1387.953,final,Trading Hub Europe AggregatedConsumptionData
2024-10-17,2039.413,663.807,1375.606,final,Trading Hub Europe AggregatedConsumptionData
2024-10-18,1982.936,616.382,1366.554,final,Trading Hub Europe AggregatedConsumptionData
2024-10-19,1703.342,590.712,1112.631,final,Trading Hub Europe AggregatedConsumptionData
2024-10-20,1667.286,581.905,1085.380,final,Trading Hub Europe AggregatedConsumptionData
2024-10-21,1964.779,572.023,1392.756,final,Trading Hub Europe AggregatedConsumptionData
2024-10-22,2064.204,642.580,1421.623,final,Trading Hub Europe AggregatedConsumptionData
2024-10-23,2313.881,751.596,1562.284,final,Trading Hub Europe AggregatedConsumptionData
2024-10-24,2251.181,792.664,1458.517,final,Trading Hub Europe AggregatedConsumptionData
2024-10-25,2206.671,749.290,1457.381,final,Trading Hub Europe AggregatedConsumptionData
2024-10-26,1927.568,717.418,1210.150,final,Trading Hub Europe AggregatedConsumptionData
2024-10-27,1914.460,723.109,1191.351,final,Trading Hub Europe AggregatedConsumptionData
2024-10-28,2186.915,738.307,1448.608,final,Trading Hub Europe AggregatedConsumptionData
2024-10-29,2330.072,738.672,1591.400,final,Trading Hub Europe AggregatedConsumptionData
2024-10-30,2312.481,752.102,1560.379,final,Trading Hub Europe AggregatedConsumptionData
2024-10-31,2256.991,804.227,1452.764,final,Trading Hub Europe AggregatedConsumptionData
2024-11-01,2112.443,847.724,1264.719,final,Trading Hub Europe AggregatedConsumptionData
2024-11-02,2324.665,961.533,1363.132,final,Trading Hub Europe AggregatedConsumptionData
2024-11-03,2518.156,1123.947,1394.209,final,Trading Hub Europe AggregatedConsumptionData
2024-11-04,3081.974,1209.953,1872.021,final,Trading Hub Europe AggregatedConsumptionData
2024-11-05,3230.956,1263.850,1967.106,final,Trading Hub Europe AggregatedConsumptionData
2024-11-06,3333.099,1283.031,2050.068,final,Trading Hub Europe AggregatedConsumptionData
2024-11-07,3348.992,1297.255,2051.737,final,Trading Hub Europe AggregatedConsumptionData
2024-11-08,3227.622,1357.348,1870.274,final,Trading Hub Europe AggregatedConsumptionData
2024-11-09,2976.516,1338.515,1638.001,final,Trading Hub Europe AggregatedConsumptionData
2024-11-10,2981.961,1349.481,1632.480,final,Trading Hub Europe AggregatedConsumptionData
2024-11-11,3329.157,1340.435,1988.721,final,Trading Hub Europe AggregatedConsumptionData
2024-11-12,3517.471,1416.275,2101.196,final,Trading Hub Europe AggregatedConsumptionData
2024-11-13,3531.215,1467.958,2063.257,final,Trading Hub Europe AggregatedConsumptionData
2024-11-14,3381.990,1406.833,1975.157,final,Trading Hub Europe AggregatedConsumptionData
2024-11-15,3270.492,1382.375,1888.118,final,Trading Hub Europe AggregatedConsumptionData
2024-11-16,2939.895,1407.393,1532.502,final,Trading Hub Europe AggregatedConsumptionData
2024-11-17,2964.678,1457.941,1506.737,final,Trading Hub Europe AggregatedConsumptionData
2024-11-18,3440.446,1549.303,1891.144,final,Trading Hub Europe AggregatedConsumptionData
2024-11-19,3513.692,1555.720,1957.971,final,Trading Hub Europe AggregatedConsumptionData
2024-11-20,3721.434,1750.132,1971.301,final,Trading Hub Europe AggregatedConsumptionData
2024-11-21,4099.987,1935.341,2164.646,final,Trading Hub Europe AggregatedConsumptionData
2024-11-22,3987.457,2026.238,1961.219,final,Trading Hub Europe AggregatedConsumptionData
2024-11-23,3523.124,1924.209,1598.915,final,Trading Hub Europe AggregatedConsumptionData
2024-11-24,2759.653,1448.388,1311.264,final,Trading Hub Europe AggregatedConsumptionData
2024-11-25,2852.600,1208.667,1643.933,final,Trading Hub Europe AggregatedConsumptionData
2024-11-26,3087.003,1222.165,1864.838,final,Trading Hub Europe AggregatedConsumptionData
2024-11-27,3053.600,1270.975,1782.625,final,Trading Hub Europe AggregatedConsumptionData
2024-11-28,3340.935,1409.692,1931.243,final,Trading Hub Europe AggregatedConsumptionData
2024-11-29,3666.939,1640.232,2026.708,final,Trading Hub Europe AggregatedConsumptionData
2024-11-30,3504.755,1802.170,1702.586,final,Trading Hub Europe AggregatedConsumptionData
2024-12-01,3619.188,1884.362,1734.826,final,Trading Hub Europe AggregatedConsumptionData
2024-12-02,3717.260,1712.039,2005.221,final,Trading Hub Europe AggregatedConsumptionData
2024-12-03,3868.609,1724.041,2144.569,final,Trading Hub Europe AggregatedConsumptionData
2024-12-04,4030.544,1833.628,2196.916,final,Trading Hub Europe AggregatedConsumptionData
2024-12-05,3771.821,1821.600,1950.221,final,Trading Hub Europe AggregatedConsumptionData
2024-12-06,3424.546,1647.050,1777.497,final,Trading Hub Europe AggregatedConsumptionData
2024-12-07,3113.123,1592.810,1520.312,final,Trading Hub Europe AggregatedConsumptionData
2024-12-08,3289.335,1649.988,1639.347,final,Trading Hub Europe AggregatedConsumptionData
2024-12-09,3741.968,1746.309,1995.659,final,Trading Hub Europe AggregatedConsumptionData
2024-12-10,4085.454,1799.643,2285.811,final,Trading Hub Europe AggregatedConsumptionData
2024-12-11,4323.413,1897.993,2425.420,final,Trading Hub Europe AggregatedConsumptionData
2024-12-12,4435.142,1982.918,2452.224,final,Trading Hub Europe AggregatedConsumptionData
2024-12-13,4371.564,2080.761,2290.803,final,Trading Hub Europe AggregatedConsumptionData
2024-12-14,3797.314,2021.635,1775.678,final,Trading Hub Europe AggregatedConsumptionData
2024-12-15,3406.951,1850.999,1555.952,final,Trading Hub Europe AggregatedConsumptionData
2024-12-16,3277.580,1556.749,1720.831,final,Trading Hub Europe AggregatedConsumptionData
2024-12-17,3245.930,1454.005,1791.925,final,Trading Hub Europe AggregatedConsumptionData
2024-12-18,2914.556,1341.491,1573.065,final,Trading Hub Europe AggregatedConsumptionData
2024-12-19,2923.477,1353.411,1570.066,final,Trading Hub Europe AggregatedConsumptionData
2024-12-20,3197.643,1570.802,1626.841,final,Trading Hub Europe AggregatedConsumptionData
2024-12-21,2861.199,1542.748,1318.451,final,Trading Hub Europe AggregatedConsumptionData
2024-12-22,3016.439,1646.666,1369.773,final,Trading Hub Europe AggregatedConsumptionData
2024-12-23,3299.510,1758.151,1541.359,final,Trading Hub Europe AggregatedConsumptionData
2024-12-24,3263.649,1790.725,1472.924,final,Trading Hub Europe AggregatedConsumptionData
2024-12-25,3118.536,1700.863,1417.673,final,Trading Hub Europe AggregatedConsumptionData
2024-12-26,3200.772,1629.955,1570.818,final,Trading Hub Europe AggregatedConsumptionData
2024-12-27,3594.781,1775.899,1818.882,final,Trading Hub Europe AggregatedConsumptionData
2024-12-28,3731.917,1971.566,1760.351,final,Trading Hub Europe AggregatedConsumptionData
2024-12-29,3787.002,2065.935,1721.067,final,Trading Hub Europe AggregatedConsumptionData
2024-12-30,3837.977,2023.823,1814.153,final,Trading Hub Europe AggregatedConsumptionData
2024-12-31,3672.665,2033.466,1639.199,final,Trading Hub Europe AggregatedConsumptionData
2025-01-01,3207.142,1850.316,1356.827,final,Trading Hub Europe AggregatedConsumptionData
2025-01-02,3784.170,1941.589,1842.582,final,Trading Hub Europe AggregatedConsumptionData
2025-01-03,3932.022,2044.043,1887.980,final,Trading Hub Europe AggregatedConsumptionData
2025-01-04,3934.158,2106.872,1827.286,final,Trading Hub Europe AggregatedConsumptionData
2025-01-05,3553.202,1965.524,1587.678,final,Trading Hub Europe AggregatedConsumptionData
2025-01-06,3233.239,1641.834,1591.405,final,Trading Hub Europe AggregatedConsumptionData
2025-01-07,3667.250,1756.763,1910.487,final,Trading Hub Europe AggregatedConsumptionData
2025-01-08,3948.454,1849.282,2099.171,final,Trading Hub Europe AggregatedConsumptionData
2025-01-09,4040.783,1915.345,2125.439,final,Trading Hub Europe AggregatedConsumptionData
2025-01-10,4188.152,2075.997,2112.155,final,Trading Hub Europe AggregatedConsumptionData
2025-01-11,4163.310,2168.579,1994.731,final,Trading Hub Europe AggregatedConsumptionData
2025-01-12,4251.204,2251.405,1999.799,final,Trading Hub Europe AggregatedConsumptionData
2025-01-13,4859.819,2425.266,2434.553,final,Trading Hub Europe AggregatedConsumptionData
2025-01-14,4785.754,2354.312,2431.442,final,Trading Hub Europe AggregatedConsumptionData
2025-01-15,4581.317,2155.244,2426.074,final,Trading Hub Europe AggregatedConsumptionData
2025-01-16,4450.094,2076.382,2373.712,final,Trading Hub Europe AggregatedConsumptionData
2025-01-17,4505.443,2143.529,2361.914,final,Trading Hub Europe AggregatedConsumptionData
2025-01-18,4244.090,2153.092,2090.998,final,Trading Hub Europe AggregatedConsumptionData
2025-01-19,4209.805,2161.438,2048.367,final,Trading Hub Europe AggregatedConsumptionData
2025-01-20,4763.525,2249.276,2514.249,final,Trading Hub Europe AggregatedConsumptionData
2025-01-21,4772.969,2270.912,2502.056,final,Trading Hub Europe AggregatedConsumptionData
2025-01-22,4443.716,2161.431,2282.285,final,Trading Hub Europe AggregatedConsumptionData
2025-01-23,4100.855,2040.820,2060.035,final,Trading Hub Europe AggregatedConsumptionData
2025-01-24,3626.767,1841.230,1785.537,final,Trading Hub Europe AggregatedConsumptionData
2025-01-25,3156.491,1614.606,1541.885,final,Trading Hub Europe AggregatedConsumptionData
2025-01-26,3203.972,1635.089,1568.883,final,Trading Hub Europe AggregatedConsumptionData
2025-01-27,3193.766,1500.626,1693.140,final,Trading Hub Europe AggregatedConsumptionData
2025-01-28,3280.290,1501.884,1778.406,final,Trading Hub Europe AggregatedConsumptionData
2025-01-29,3341.759,1536.737,1805.022,final,Trading Hub Europe AggregatedConsumptionData
2025-01-30,3591.964,1616.403,1975.560,final,Trading Hub Europe AggregatedConsumptionData
2025-01-31,3780.787,1783.408,1997.379,final,Trading Hub Europe AggregatedConsumptionData
2025-02-01,3749.380,1928.893,1820.488,final,Trading Hub Europe AggregatedConsumptionData
2025-02-02,3968.643,2071.048,1897.595,final,Trading Hub Europe AggregatedConsumptionData
2025-02-03,4503.760,2184.498,2319.262,final,Trading Hub Europe AggregatedConsumptionData
2025-02-04,4470.536,2176.237,2294.299,final,Trading Hub Europe AggregatedConsumptionData
2025-02-05,4366.698,2063.346,2303.353,final,Trading Hub Europe AggregatedConsumptionData
2025-02-06,4244.544,2044.295,2200.249,final,Trading Hub Europe AggregatedConsumptionData
2025-02-07,4004.206,2045.117,1959.090,final,Trading Hub Europe AggregatedConsumptionData
2025-02-08,3721.058,1972.346,1748.712,final,Trading Hub Europe AggregatedConsumptionData
2025-02-09,3817.321,1990.996,1826.324,final,Trading Hub Europe AggregatedConsumptionData
2025-02-10,4152.788,2035.948,2116.839,final,Trading Hub Europe AggregatedConsumptionData
2025-02-11,4178.300,2003.709,2174.591,final,Trading Hub Europe AggregatedConsumptionData
2025-02-12,4234.865,1989.566,2245.298,final,Trading Hub Europe AggregatedConsumptionData
2025-02-13,4437.628,2053.682,2383.946,final,Trading Hub Europe AggregatedConsumptionData
2025-02-14,4447.886,2138.899,2308.987,final,Trading Hub Europe AggregatedConsumptionData
2025-02-15,4159.092,2185.042,1974.050,final,Trading Hub Europe AggregatedConsumptionData
2025-02-16,4238.696,2268.470,1970.227,final,Trading Hub Europe AggregatedConsumptionData
2025-02-17,4776.003,2389.257,2386.746,final,Trading Hub Europe AggregatedConsumptionData
2025-02-18,4699.170,2433.920,2265.251,final,Trading Hub Europe AggregatedConsumptionData
2025-02-19,4482.892,2366.808,2116.084,final,Trading Hub Europe AggregatedConsumptionData
2025-02-20,4013.336,2096.294,1917.042,final,Trading Hub Europe AggregatedConsumptionData
2025-02-21,3239.431,1656.687,1582.744,final,Trading Hub Europe AggregatedConsumptionData
2025-02-22,2763.963,1406.238,1357.725,final,Trading Hub Europe AggregatedConsumptionData
2025-02-23,2673.708,1309.663,1364.045,final,Trading Hub Europe AggregatedConsumptionData
2025-02-24,2886.745,1294.583,1592.163,final,Trading Hub Europe AggregatedConsumptionData
2025-02-25,3168.601,1278.931,1889.670,final,Trading Hub Europe AggregatedConsumptionData
2025-02-26,3322.490,1383.165,1939.325,final,Trading Hub Europe AggregatedConsumptionData
2025-02-27,3540.056,1523.789,2016.267,final,Trading Hub Europe AggregatedConsumptionData
2025-02-28,3629.250,1660.277,1968.974,final,Trading Hub Europe AggregatedConsumptionData
2025-03-01,3348.969,1691.347,1657.622,final,Trading Hub Europe AggregatedConsumptionData
2025-03-02,3292.303,1721.408,1570.896,final,Trading Hub Europe AggregatedConsumptionData
2025-03-03,3513.064,1735.317,1777.747,final,Trading Hub Europe AggregatedConsumptionData
2025-03-04,3448.062,1659.423,1788.639,final,Trading Hub Europe AggregatedConsumptionData
2025-03-05,3204.396,1512.950,1691.446,final,Trading Hub Europe AggregatedConsumptionData
2025-03-06,2971.738,1355.207,1616.531,final,Trading Hub Europe AggregatedConsumptionData
2025-03-07,2835.988,1201.328,1634.660,final,Trading Hub Europe AggregatedConsumptionData
2025-03-08,2388.018,1100.341,1287.677,final,Trading Hub Europe AggregatedConsumptionData
2025-03-09,2424.615,1070.837,1353.778,final,Trading Hub Europe AggregatedConsumptionData
2025-03-10,2892.591,1138.199,1754.392,final,Trading Hub Europe AggregatedConsumptionData
2025-03-11,3104.378,1243.177,1861.200,final,Trading Hub Europe AggregatedConsumptionData
2025-03-12,3336.850,1380.212,1956.637,final,Trading Hub Europe AggregatedConsumptionData
2025-03-13,3532.250,1554.888,1977.362,final,Trading Hub Europe AggregatedConsumptionData
2025-03-14,3515.091,1647.055,1868.036,final,Trading Hub Europe AggregatedConsumptionData
2025-03-15,3141.367,1633.152,1508.215,final,Trading Hub Europe AggregatedConsumptionData
2025-03-16,3117.955,1612.435,1505.520,final,Trading Hub Europe AggregatedConsumptionData
2025-03-17,3483.324,1673.271,1810.054,final,Trading Hub Europe AggregatedConsumptionData
2025-03-18,3517.124,1677.927,1839.197,final,Trading Hub Europe AggregatedConsumptionData
2025-03-19,3327.463,1527.962,1799.501,final,Trading Hub Europe AggregatedConsumptionData
2025-03-20,2935.045,1272.316,1662.729,final,Trading Hub Europe AggregatedConsumptionData
2025-03-21,2289.897,998.701,1291.196,final,Trading Hub Europe AggregatedConsumptionData
2025-03-22,2018.200,876.946,1141.255,final,Trading Hub Europe AggregatedConsumptionData
2025-03-23,2153.061,881.682,1271.379,final,Trading Hub Europe AggregatedConsumptionData
2025-03-24,2548.628,903.157,1645.471,final,Trading Hub Europe AggregatedConsumptionData
2025-03-25,2503.568,958.216,1545.352,final,Trading Hub Europe AggregatedConsumptionData
2025-03-26,2706.672,1034.041,1672.631,final,Trading Hub Europe AggregatedConsumptionData
2025-03-27,2611.138,1060.029,1551.109,final,Trading Hub Europe AggregatedConsumptionData
2025-03-28,2437.820,1038.555,1399.265,final,Trading Hub Europe AggregatedConsumptionData
2025-03-29,2179.154,1030.316,1148.838,final,Trading Hub Europe AggregatedConsumptionData
2025-03-30,2295.189,1100.141,1195.049,final,Trading Hub Europe AggregatedConsumptionData
2025-03-31,2770.743,1162.225,1608.518,final,Trading Hub Europe AggregatedConsumptionData
2025-04-01,2670.377,1154.916,1515.461,final,Trading Hub Europe AggregatedConsumptionData
2025-04-02,2412.851,1040.341,1372.509,final,Trading Hub Europe AggregatedConsumptionData
2025-04-03,2279.297,885.350,1393.948,final,Trading Hub Europe AggregatedConsumptionData
2025-04-04,2037.224,747.211,1290.013,final,Trading Hub Europe AggregatedConsumptionData
2025-04-05,1927.599,805.324,1122.275,final,Trading Hub Europe AggregatedConsumptionData
2025-04-06,2396.836,1078.955,1317.881,final,Trading Hub Europe AggregatedConsumptionData
2025-04-07,2767.120,1173.498,1593.621,final,Trading Hub Europe AggregatedConsumptionData
2025-04-08,2753.214,1136.081,1617.133,final,Trading Hub Europe AggregatedConsumptionData
2025-04-09,2583.031,1063.064,1519.967,final,Trading Hub Europe AggregatedConsumptionData
2025-04-10,2509.822,988.602,1521.221,final,Trading Hub Europe AggregatedConsumptionData
2025-04-11,2282.299,868.669,1413.630,final,Trading Hub Europe AggregatedConsumptionData
2025-04-12,1746.287,681.199,1065.088,final,Trading Hub Europe AggregatedConsumptionData
2025-04-13,1654.159,593.125,1061.034,final,Trading Hub Europe AggregatedConsumptionData
2025-04-14,1855.398,558.101,1297.297,final,Trading Hub Europe AggregatedConsumptionData
2025-04-15,1739.530,498.058,1241.471,final,Trading Hub Europe AggregatedConsumptionData
2025-04-16,1815.345,534.314,1281.030,final,Trading Hub Europe AggregatedConsumptionData
2025-04-17,1934.204,643.000,1291.204,final,Trading Hub Europe AggregatedConsumptionData
2025-04-18,1905.894,799.552,1106.341,final,Trading Hub Europe AggregatedConsumptionData
2025-04-19,1821.013,785.206,1035.807,final,Trading Hub Europe AggregatedConsumptionData
2025-04-20,1683.735,713.235,970.500,final,Trading Hub Europe AggregatedConsumptionData
2025-04-21,1720.691,678.821,1041.870,final,Trading Hub Europe AggregatedConsumptionData
2025-04-22,2025.749,662.250,1363.499,final,Trading Hub Europe AggregatedConsumptionData
2025-04-23,2015.519,648.659,1366.861,final,Trading Hub Europe AggregatedConsumptionData
2025-04-24,2054.657,691.231,1363.426,final,Trading Hub Europe AggregatedConsumptionData
2025-04-25,2017.639,713.838,1303.800,final,Trading Hub Europe AggregatedConsumptionData
2025-04-26,1736.524,687.211,1049.313,final,Trading Hub Europe AggregatedConsumptionData
2025-04-27,1735.636,678.251,1057.385,final,Trading Hub Europe AggregatedConsumptionData
2025-04-28,1866.451,595.899,1270.552,final,Trading Hub Europe AggregatedConsumptionData
2025-04-29,1763.992,491.344,1272.648,final,Trading Hub Europe AggregatedConsumptionData
2025-04-30,1537.184,408.621,1128.563,final,Trading Hub Europe AggregatedConsumptionData
2025-05-01,1247.522,323.931,923.591,final,Trading Hub Europe AggregatedConsumptionData
2025-05-02,1249.790,298.561,951.229,final,Trading Hub Europe AggregatedConsumptionData
2025-05-03,1235.094,343.430,891.664,final,Trading Hub Europe AggregatedConsumptionData
2025-05-04,1529.142,512.033,1017.110,final,Trading Hub Europe AggregatedConsumptionData
2025-05-05,1966.751,660.654,1306.097,final,Trading Hub Europe AggregatedConsumptionData
2025-05-06,2055.355,740.220,1315.135,final,Trading Hub Europe AggregatedConsumptionData
2025-05-07,2073.515,730.236,1343.279,final,Trading Hub Europe AggregatedConsumptionData
2025-05-08,2063.556,708.209,1355.347,final,Trading Hub Europe AggregatedConsumptionData
2025-05-09,1877.701,641.421,1236.280,final,Trading Hub Europe AggregatedConsumptionData
2025-05-10,1526.599,550.515,976.085,final,Trading Hub Europe AggregatedConsumptionData
2025-05-11,1433.553,484.337,949.216,final,Trading Hub Europe AggregatedConsumptionData
2025-05-12,1654.430,469.700,1184.730,final,Trading Hub Europe AggregatedConsumptionData
2025-05-13,1657.240,437.145,1220.096,final,Trading Hub Europe AggregatedConsumptionData
2025-05-14,1553.443,398.424,1155.020,final,Trading Hub Europe AggregatedConsumptionData
2025-05-15,1637.221,450.641,1186.580,final,Trading Hub Europe AggregatedConsumptionData
2025-05-16,1632.332,490.171,1142.161,final,Trading Hub Europe AggregatedConsumptionData
2025-05-17,1466.340,492.985,973.355,final,Trading Hub Europe AggregatedConsumptionData
2025-05-18,1499.856,493.218,1006.638,final,Trading Hub Europe AggregatedConsumptionData
2025-05-19,1696.365,449.436,1246.929,final,Trading Hub Europe AggregatedConsumptionData
2025-05-20,1587.723,388.872,1198.851,final,Trading Hub Europe AggregatedConsumptionData
2025-05-21,1614.830,394.753,1220.077,final,Trading Hub Europe AggregatedConsumptionData
2025-05-22,1791.555,501.985,1289.570,final,Trading Hub Europe AggregatedConsumptionData
2025-05-23,1818.920,605.110,1213.810,final,Trading Hub Europe AggregatedConsumptionData
2025-05-24,1526.849,578.172,948.677,final,Trading Hub Europe AggregatedConsumptionData
2025-05-25,1501.626,522.427,979.199,final,Trading Hub Europe AggregatedConsumptionData
2025-05-26,1654.697,468.897,1185.800,final,Trading Hub Europe AggregatedConsumptionData
2025-05-27,1585.588,434.240,1151.349,final,Trading Hub Europe AggregatedConsumptionData
2025-05-28,1585.269,422.617,1162.652,final,Trading Hub Europe AggregatedConsumptionData
2025-05-29,1334.745,405.723,929.022,final,Trading Hub Europe AggregatedConsumptionData
2025-05-30,1273.577,318.951,954.627,final,Trading Hub Europe AggregatedConsumptionData
2025-05-31,1139.219,258.106,881.113,final,Trading Hub Europe AggregatedConsumptionData
2025-06-01,1133.298,242.439,890.859,final,Trading Hub Europe AggregatedConsumptionData
2025-06-02,1450.224,270.204,1180.020,final,Trading Hub Europe AggregatedConsumptionData
2025-06-03,1385.594,266.738,1118.856,final,Trading Hub Europe AggregatedConsumptionData
2025-06-04,1355.347,276.721,1078.625,final,Trading Hub Europe AggregatedConsumptionData
2025-06-05,1360.341,299.658,1060.683,final,Trading Hub Europe AggregatedConsumptionData
2025-06-06,1300.233,297.707,1002.525,final,Trading Hub Europe AggregatedConsumptionData
2025-06-07,1163.759,307.892,855.868,final,Trading Hub Europe AggregatedConsumptionData
2025-06-08,1190.611,365.868,824.743,final,Trading Hub Europe AggregatedConsumptionData
2025-06-09,1283.500,386.677,896.822,final,Trading Hub Europe AggregatedConsumptionData
2025-06-10,1431.227,369.365,1061.862,final,Trading Hub Europe AggregatedConsumptionData
2025-06-11,1462.385,348.792,1113.592,final,Trading Hub Europe AggregatedConsumptionData
2025-06-12,1360.481,287.797,1072.684,final,Trading Hub Europe AggregatedConsumptionData
2025-06-13,1232.951,234.111,998.840,final,Trading Hub Europe AggregatedConsumptionData
2025-06-14,1051.290,193.643,857.646,final,Trading Hub Europe AggregatedConsumptionData
2025-06-15,1052.973,198.917,854.057,final,Trading Hub Europe AggregatedConsumptionData
2025-06-16,1294.506,222.610,1071.897,final,Trading Hub Europe AggregatedConsumptionData
2025-06-17,1318.285,223.439,1094.847,final,Trading Hub Europe AggregatedConsumptionData
2025-06-18,1259.321,215.093,1044.228,final,Trading Hub Europe AggregatedConsumptionData
2025-06-19,1165.323,228.128,937.195,final,Trading Hub Europe AggregatedConsumptionData
2025-06-20,1193.812,226.530,967.282,final,Trading Hub Europe AggregatedConsumptionData
2025-06-21,1027.888,195.990,831.898,final,Trading Hub Europe AggregatedConsumptionData
2025-06-22,989.303,175.699,813.604,final,Trading Hub Europe AggregatedConsumptionData
2025-06-23,1233.820,193.878,1039.942,final,Trading Hub Europe AggregatedConsumptionData
2025-06-24,1250.830,203.985,1046.845,final,Trading Hub Europe AggregatedConsumptionData
2025-06-25,1312.383,189.571,1122.811,final,Trading Hub Europe AggregatedConsumptionData
2025-06-26,1225.903,191.629,1034.274,final,Trading Hub Europe AggregatedConsumptionData
2025-06-27,1205.815,198.321,1007.493,final,Trading Hub Europe AggregatedConsumptionData
2025-06-28,1004.713,181.490,823.223,final,Trading Hub Europe AggregatedConsumptionData
2025-06-29,1026.372,177.442,848.931,final,Trading Hub Europe AggregatedConsumptionData
2025-06-30,1303.962,175.696,1128.266,final,Trading Hub Europe AggregatedConsumptionData
2025-07-01,1336.556,163.149,1173.408,final,Trading Hub Europe AggregatedConsumptionData
2025-07-02,1253.895,155.872,1098.024,final,Trading Hub Europe AggregatedConsumptionData
2025-07-03,1292.171,172.213,1119.958,final,Trading Hub Europe AggregatedConsumptionData
2025-07-04,1188.989,185.799,1003.190,final,Trading Hub Europe AggregatedConsumptionData
2025-07-05,987.222,186.952,800.270,final,Trading Hub Europe AggregatedConsumptionData
2025-07-06,1080.117,206.420,873.697,final,Trading Hub Europe AggregatedConsumptionData
2025-07-07,1306.108,236.618,1069.489,final,Trading Hub Europe AggregatedConsumptionData
2025-07-08,1349.082,277.290,1071.792,final,Trading Hub Europe AggregatedConsumptionData
2025-07-09,1380.461,277.561,1102.901,final,Trading Hub Europe AggregatedConsumptionData
2025-07-10,1343.393,255.822,1087.571,final,Trading Hub Europe AggregatedConsumptionData
2025-07-11,1215.584,236.333,979.251,final,Trading Hub Europe AggregatedConsumptionData
2025-07-12,1043.853,218.937,824.916,final,Trading Hub Europe AggregatedConsumptionData
2025-07-13,1073.831,206.843,866.987,final,Trading Hub Europe AggregatedConsumptionData
2025-07-14,1222.356,198.481,1023.875,final,Trading Hub Europe AggregatedConsumptionData
2025-07-15,1237.225,205.684,1031.541,final,Trading Hub Europe AggregatedConsumptionData
2025-07-16,1302.046,226.335,1075.711,final,Trading Hub Europe AggregatedConsumptionData
2025-07-17,1327.890,231.095,1096.794,final,Trading Hub Europe AggregatedConsumptionData
2025-07-18,1266.542,212.957,1053.586,final,Trading Hub Europe AggregatedConsumptionData
2025-07-19,981.454,186.851,794.603,final,Trading Hub Europe AggregatedConsumptionData
2025-07-20,1009.067,179.166,829.901,final,Trading Hub Europe AggregatedConsumptionData
2025-07-21,1227.614,193.317,1034.298,final,Trading Hub Europe AggregatedConsumptionData
2025-07-22,1193.739,208.085,985.655,final,Trading Hub Europe AggregatedConsumptionData
2025-07-23,1256.128,211.268,1044.860,final,Trading Hub Europe AggregatedConsumptionData
2025-07-24,1360.994,214.378,1146.615,final,Trading Hub Europe AggregatedConsumptionData
2025-07-25,1261.726,209.230,1052.496,final,Trading Hub Europe AggregatedConsumptionData
2025-07-26,1091.764,204.450,887.314,final,Trading Hub Europe AggregatedConsumptionData
2025-07-27,1060.120,216.109,844.012,final,Trading Hub Europe AggregatedConsumptionData
2025-07-28,1210.461,241.760,968.701,final,Trading Hub Europe AggregatedConsumptionData
2025-07-29,1253.436,255.590,997.846,final,Trading Hub Europe AggregatedConsumptionData
2025-07-30,1266.997,261.384,1005.612,final,Trading Hub Europe AggregatedConsumptionData
2025-07-31,1288.167,259.850,1028.317,final,Trading Hub Europe AggregatedConsumptionData
2025-08-01,1225.779,256.253,969.526,final,Trading Hub Europe AggregatedConsumptionData
2025-08-02,1074.639,263.304,811.335,final,Trading Hub Europe AggregatedConsumptionData
2025-08-03,1089.919,266.740,823.178,final,Trading Hub Europe AggregatedConsumptionData
2025-08-04,1235.864,251.592,984.272,final,Trading Hub Europe AggregatedConsumptionData
2025-08-05,1220.520,248.794,971.726,final,Trading Hub Europe AggregatedConsumptionData
2025-08-06,1276.563,253.100,1023.462,final,Trading Hub Europe AggregatedConsumptionData
2025-08-07,1211.877,230.438,981.439,final,Trading Hub Europe AggregatedConsumptionData
2025-08-08,1191.232,204.324,986.908,final,Trading Hub Europe AggregatedConsumptionData
2025-08-09,974.745,182.235,792.510,final,Trading Hub Europe AggregatedConsumptionData
2025-08-10,1015.610,186.092,829.518,final,Trading Hub Europe AggregatedConsumptionData
2025-08-11,1224.363,187.870,1036.493,final,Trading Hub Europe AggregatedConsumptionData
2025-08-12,1242.543,175.915,1066.629,final,Trading Hub Europe AggregatedConsumptionData
2025-08-13,1229.813,161.454,1068.359,final,Trading Hub Europe AggregatedConsumptionData
2025-08-14,1203.257,155.028,1048.229,final,Trading Hub Europe AggregatedConsumptionData
2025-08-15,1032.462,154.698,877.764,final,Trading Hub Europe AggregatedConsumptionData
2025-08-16,914.452,168.761,745.691,final,Trading Hub Europe AggregatedConsumptionData
2025-08-17,1026.119,193.015,833.104,final,Trading Hub Europe AggregatedConsumptionData
2025-08-18,1255.521,203.470,1052.050,final,Trading Hub Europe AggregatedConsumptionData
2025-08-19,1225.566,201.104,1024.462,final,Trading Hub Europe AggregatedConsumptionData
2025-08-20,1252.605,204.971,1047.633,final,Trading Hub Europe AggregatedConsumptionData
2025-08-21,1229.020,221.791,1007.230,final,Trading Hub Europe AggregatedConsumptionData
2025-08-22,1183.051,257.690,925.361,final,Trading Hub Europe AggregatedConsumptionData
2025-08-23,1111.936,292.319,819.618,final,Trading Hub Europe AggregatedConsumptionData
2025-08-24,1173.831,311.315,862.516,final,Trading Hub Europe AggregatedConsumptionData
2025-08-25,1438.253,305.705,1132.548,final,Trading Hub Europe AggregatedConsumptionData
2025-08-26,1360.502,256.296,1104.206,final,Trading Hub Europe AggregatedConsumptionData
2025-08-27,1365.079,217.179,1147.900,final,Trading Hub Europe AggregatedConsumptionData
2025-08-28,1444.237,214.735,1229.503,final,Trading Hub Europe AggregatedConsumptionData
2025-08-29,1262.990,221.053,1041.936,final,Trading Hub Europe AggregatedConsumptionData
2025-08-30,1047.708,231.270,816.438,final,Trading Hub Europe AggregatedConsumptionData
2025-08-31,1068.043,227.747,840.296,final,Trading Hub Europe AggregatedConsumptionData
2025-09-01,1388.575,235.905,1152.670,final,Trading Hub Europe AggregatedConsumptionData
2025-09-02,1399.571,251.933,1147.637,final,Trading Hub Europe AggregatedConsumptionData
2025-09-03,1232.065,238.686,993.379,final,Trading Hub Europe AggregatedConsumptionData
2025-09-04,1350.749,224.830,1125.919,final,Trading Hub Europe AggregatedConsumptionData
2025-09-05,1391.873,254.025,1137.848,final,Trading Hub Europe AggregatedConsumptionData
2025-09-06,1129.846,261.557,868.289,final,Trading Hub Europe AggregatedConsumptionData
2025-09-07,1102.441,250.314,852.128,final,Trading Hub Europe AggregatedConsumptionData
2025-09-08,1483.584,252.488,1231.096,final,Trading Hub Europe AggregatedConsumptionData
2025-09-09,1609.413,273.465,1335.949,final,Trading Hub Europe AggregatedConsumptionData
2025-09-10,1555.581,291.956,1263.625,final,Trading Hub Europe AggregatedConsumptionData
2025-09-11,1405.210,311.528,1093.682,final,Trading Hub Europe AggregatedConsumptionData
2025-09-12,1404.616,341.080,1063.536,final,Trading Hub Europe AggregatedConsumptionData
2025-09-13,1219.830,355.163,864.667,final,Trading Hub Europe AggregatedConsumptionData
2025-09-14,1254.146,360.167,893.980,final,Trading Hub Europe AggregatedConsumptionData
2025-09-15,1278.259,311.528,966.732,final,Trading Hub Europe AggregatedConsumptionData
2025-09-16,1399.680,350.515,1049.166,final,Trading Hub Europe AggregatedConsumptionData
2025-09-17,1455.297,371.924,1083.373,final,Trading Hub Europe AggregatedConsumptionData
2025-09-18,1381.544,322.129,1059.415,final,Trading Hub Europe AggregatedConsumptionData
2025-09-19,1317.995,271.046,1046.949,final,Trading Hub Europe AggregatedConsumptionData
2025-09-20,1040.725,225.560,815.165,final,Trading Hub Europe AggregatedConsumptionData
2025-09-21,1132.060,262.065,869.995,final,Trading Hub Europe AggregatedConsumptionData
2025-09-22,1651.022,398.023,1252.999,final,Trading Hub Europe AggregatedConsumptionData
2025-09-23,1829.630,496.436,1333.194,final,Trading Hub Europe AggregatedConsumptionData
2025-09-24,1820.922,579.052,1241.870,final,Trading Hub Europe AggregatedConsumptionData
2025-09-25,1951.335,655.571,1295.764,final,Trading Hub Europe AggregatedConsumptionData
2025-09-26,1934.618,647.728,1286.889,final,Trading Hub Europe AggregatedConsumptionData
2025-09-27,1690.135,589.276,1100.859,final,Trading Hub Europe AggregatedConsumptionData
2025-09-28,1717.796,552.100,1165.696,final,Trading Hub Europe AggregatedConsumptionData
2025-09-29,2048.821,555.054,1493.767,final,Trading Hub Europe AggregatedConsumptionData
2025-09-30,2148.301,618.439,1529.862,final,Trading Hub Europe AggregatedConsumptionData
2025-10-01,2305.003,721.931,1583.071,final,Trading Hub Europe AggregatedConsumptionData
2025-10-02,2266.908,806.029,1460.879,final,Trading Hub Europe AggregatedConsumptionData
2025-10-03,1956.616,839.289,1117.327,final,Trading Hub Europe AggregatedConsumptionData
2025-10-04,1783.203,761.471,1021.732,final,Trading Hub Europe AggregatedConsumptionData
2025-10-05,1844.350,774.986,1069.364,final,Trading Hub Europe AggregatedConsumptionData
2025-10-06,2298.812,764.116,1534.696,final,Trading Hub Europe AggregatedConsumptionData
2025-10-07,2269.308,687.064,1582.244,final,Trading Hub Europe AggregatedConsumptionData
2025-10-08,2231.329,638.555,1592.774,final,Trading Hub Europe AggregatedConsumptionData
2025-10-09,2190.185,657.731,1532.455,final,Trading Hub Europe AggregatedConsumptionData
2025-10-10,2063.457,667.246,1396.211,final,Trading Hub Europe AggregatedConsumptionData
2025-10-11,1812.622,671.439,1141.183,final,Trading Hub Europe AggregatedConsumptionData
2025-10-12,1930.848,691.088,1239.760,final,Trading Hub Europe AggregatedConsumptionData
2025-10-13,2354.481,707.082,1647.399,final,Trading Hub Europe AggregatedConsumptionData
2025-10-14,2445.342,744.665,1700.677,final,Trading Hub Europe AggregatedConsumptionData
2025-10-15,2451.313,770.956,1680.357,final,Trading Hub Europe AggregatedConsumptionData
2025-10-16,2421.147,796.123,1625.024,final,Trading Hub Europe AggregatedConsumptionData
2025-10-17,2381.533,837.855,1543.678,final,Trading Hub Europe AggregatedConsumptionData
2025-10-18,2263.224,945.572,1317.652,final,Trading Hub Europe AggregatedConsumptionData
2025-10-19,2210.332,985.040,1225.291,final,Trading Hub Europe AggregatedConsumptionData
2025-10-20,2263.383,872.869,1390.514,final,Trading Hub Europe AggregatedConsumptionData
2025-10-21,2171.738,777.741,1393.997,final,Trading Hub Europe AggregatedConsumptionData
2025-10-22,2339.743,749.110,1590.634,final,Trading Hub Europe AggregatedConsumptionData
2025-10-23,2091.839,736.065,1355.774,final,Trading Hub Europe AggregatedConsumptionData
2025-10-24,2226.191,880.044,1346.148,final,Trading Hub Europe AggregatedConsumptionData
2025-10-25,2206.079,980.817,1225.262,final,Trading Hub Europe AggregatedConsumptionData
2025-10-26,2338.272,1103.614,1234.659,final,Trading Hub Europe AggregatedConsumptionData
2025-10-27,2712.600,1158.926,1553.674,final,Trading Hub Europe AggregatedConsumptionData
2025-10-28,2611.228,1119.082,1492.146,final,Trading Hub Europe AggregatedConsumptionData
2025-10-29,2508.985,1012.716,1496.269,final,Trading Hub Europe AggregatedConsumptionData
2025-10-30,2507.260,1009.294,1497.966,final,Trading Hub Europe AggregatedConsumptionData
2025-10-31,2450.348,1017.235,1433.113,final,Trading Hub Europe AggregatedConsumptionData
2025-11-01,2020.564,880.279,1140.285,final,Trading Hub Europe AggregatedConsumptionData
2025-11-02,2212.752,944.667,1268.085,final,Trading Hub Europe AggregatedConsumptionData
2025-11-03,2531.752,1031.073,1500.680,final,Trading Hub Europe AggregatedConsumptionData
2025-11-04,2482.248,1004.327,1477.920,final,Trading Hub Europe AggregatedConsumptionData
2025-11-05,2586.729,1005.599,1581.130,final,Trading Hub Europe AggregatedConsumptionData
2025-11-06,2905.454,1105.753,1799.701,final,Trading Hub Europe AggregatedConsumptionData
2025-11-07,3110.719,1224.307,1886.411,final,Trading Hub Europe AggregatedConsumptionData
2025-11-08,2948.352,1282.903,1665.449,final,Trading Hub Europe AggregatedConsumptionData
2025-11-09,2829.852,1232.276,1597.576,final,Trading Hub Europe AggregatedConsumptionData
2025-11-10,3061.044,1259.270,1801.773,final,Trading Hub Europe AggregatedConsumptionData
2025-11-11,2871.443,1205.058,1666.385,final,Trading Hub Europe AggregatedConsumptionData
2025-11-12,2672.403,1133.813,1538.589,final,Trading Hub Europe AggregatedConsumptionData
2025-11-13,2577.036,1007.423,1569.613,final,Trading Hub Europe AggregatedConsumptionData
2025-11-14,2611.333,990.537,1620.797,final,Trading Hub Europe AggregatedConsumptionData
2025-11-15,2422.251,1031.415,1390.836,final,Trading Hub Europe AggregatedConsumptionData
2025-11-16,2623.812,1143.691,1480.121,final,Trading Hub Europe AggregatedConsumptionData
2025-11-17,3320.220,1409.738,1910.482,final,Trading Hub Europe AggregatedConsumptionData
2025-11-18,3628.679,1625.048,2003.631,final,Trading Hub Europe AggregatedConsumptionData
2025-11-19,3893.941,1794.958,2098.983,final,Trading Hub Europe AggregatedConsumptionData
2025-11-20,4199.633,1933.160,2266.473,final,Trading Hub Europe AggregatedConsumptionData
2025-11-21,4331.128,2094.613,2236.514,final,Trading Hub Europe AggregatedConsumptionData
2025-11-22,4060.966,2177.595,1883.371,final,Trading Hub Europe AggregatedConsumptionData
2025-11-23,4019.682,2205.850,1813.832,final,Trading Hub Europe AggregatedConsumptionData
2025-11-24,4312.138,2069.568,2242.570,final,Trading Hub Europe AggregatedConsumptionData
2025-11-25,4283.869,1983.548,2300.321,final,Trading Hub Europe AggregatedConsumptionData
2025-11-26,4204.588,1930.895,2273.693,final,Trading Hub Europe AggregatedConsumptionData
2025-11-27,3904.722,1904.694,2000.028,final,Trading Hub Europe AggregatedConsumptionData
2025-11-28,3610.798,1719.102,1891.696,final,Trading Hub Europe AggregatedConsumptionData
2025-11-29,3108.038,1533.018,1575.020,final,Trading Hub Europe AggregatedConsumptionData
2025-11-30,3123.109,1503.877,1619.232,final,Trading Hub Europe AggregatedConsumptionData
2025-12-01,3599.129,1683.437,1915.692,final,Trading Hub Europe AggregatedConsumptionData
2025-12-02,3828.010,1726.289,2101.721,final,Trading Hub Europe AggregatedConsumptionData
2025-12-03,4046.061,1762.897,2283.164,final,Trading Hub Europe AggregatedConsumptionData
2025-12-04,4088.327,1821.907,2266.420,final,Trading Hub Europe AggregatedConsumptionData
2025-12-05,3956.560,1837.189,2119.371,final,Trading Hub Europe AggregatedConsumptionData
2025-12-06,3226.055,1689.479,1536.577,final,Trading Hub Europe AggregatedConsumptionData
2025-12-07,2891.675,1439.893,1451.781,final,Trading Hub Europe AggregatedConsumptionData
2025-12-08,2756.287,1191.626,1564.661,final,Trading Hub Europe AggregatedConsumptionData
2025-12-09,2720.847,1095.963,1624.884,final,Trading Hub Europe AggregatedConsumptionData
2025-12-10,2752.910,1099.635,1653.275,final,Trading Hub Europe AggregatedConsumptionData
2025-12-11,3066.877,1223.879,1842.998,final,Trading Hub Europe AggregatedConsumptionData
2025-12-12,3375.077,1370.911,2004.166,final,Trading Hub Europe AggregatedConsumptionData
2025-12-13,3108.043,1427.522,1680.521,final,Trading Hub Europe AggregatedConsumptionData
2025-12-14,3119.139,1522.022,1597.117,final,Trading Hub Europe AggregatedConsumptionData
2025-12-15,3495.569,1598.980,1896.590,final,Trading Hub Europe AggregatedConsumptionData
2025-12-16,3786.343,1647.137,2139.206,final,Trading Hub Europe AggregatedConsumptionData
2025-12-17,3654.323,1655.146,1999.176,final,Trading Hub Europe AggregatedConsumptionData
2025-12-18,3206.306,1565.059,1641.247,final,Trading Hub Europe AggregatedConsumptionData
2025-12-19,3162.991,1483.905,1679.086,final,Trading Hub Europe AggregatedConsumptionData
2025-12-20,3212.564,1465.526,1747.039,final,Trading Hub Europe AggregatedConsumptionData
2025-12-21,3099.720,1540.332,1559.389,final,Trading Hub Europe AggregatedConsumptionData
2025-12-22,3383.960,1695.572,1688.388,final,Trading Hub Europe AggregatedConsumptionData
2025-12-23,3482.817,1843.410,1639.406,final,Trading Hub Europe AggregatedConsumptionData
2025-12-24,3703.342,2052.357,1650.985,final,Trading Hub Europe AggregatedConsumptionData
2025-12-25,4021.968,2266.485,1755.482,final,Trading Hub Europe AggregatedConsumptionData
2025-12-26,4091.192,2304.374,1786.818,final,Trading Hub Europe AggregatedConsumptionData
2025-12-27,3934.129,2230.560,1703.569,final,Trading Hub Europe AggregatedConsumptionData
2025-12-28,3988.697,2254.602,1734.095,final,Trading Hub Europe AggregatedConsumptionData
2025-12-29,4035.986,2239.302,1796.684,final,Trading Hub Europe AggregatedConsumptionData
2025-12-30,4104.734,2266.460,1838.274,final,Trading Hub Europe AggregatedConsumptionData
2025-12-31,3870.850,2170.144,1700.706,final,Trading Hub Europe AggregatedConsumptionData
2026-01-01,3631.393,2111.135,1520.258,final,Trading Hub Europe AggregatedConsumptionData
2026-01-02,3941.891,2145.826,1796.065,final,Trading Hub Europe AggregatedConsumptionData
2026-01-03,4075.730,2186.261,1889.469,final,Trading Hub Europe AggregatedConsumptionData
2026-01-04,4305.748,2279.846,2025.902,final,Trading Hub Europe AggregatedConsumptionData
2026-01-05,4893.276,2435.991,2457.285,final,Trading Hub Europe AggregatedConsumptionData
2026-01-06,4952.766,2474.450,2478.316,final,Trading Hub Europe AggregatedConsumptionData
2026-01-07,5015.068,2530.891,2484.177,final,Trading Hub Europe AggregatedConsumptionData
2026-01-08,4835.088,2421.683,2413.405,final,Trading Hub Europe AggregatedConsumptionData
2026-01-09,4400.874,2292.497,2108.377,final,Trading Hub Europe AggregatedConsumptionData
2026-01-10,4599.977,2398.837,2201.140,final,Trading Hub Europe AggregatedConsumptionData
2026-01-11,4819.302,2577.183,2242.119,final,Trading Hub Europe AggregatedConsumptionData
2026-01-12,4745.784,2400.429,2345.355,final,Trading Hub Europe AggregatedConsumptionData
2026-01-13,4209.959,2071.453,2138.506,final,Trading Hub Europe AggregatedConsumptionData
2026-01-14,3973.322,1853.155,2120.167,final,Trading Hub Europe AggregatedConsumptionData
2026-01-15,3624.641,1668.434,1956.207,final,Trading Hub Europe AggregatedConsumptionData
2026-01-16,3666.363,1613.978,2052.385,final,Trading Hub Europe AggregatedConsumptionData
2026-01-17,3671.726,1710.991,1960.734,final,Trading Hub Europe AggregatedConsumptionData
2026-01-18,3838.307,1869.059,1969.248,final,Trading Hub Europe AggregatedConsumptionData
2026-01-19,4396.739,2026.202,2370.537,final,Trading Hub Europe AggregatedConsumptionData
2026-01-20,4548.046,2152.234,2395.812,final,Trading Hub Europe AggregatedConsumptionData
2026-01-21,4561.313,2229.838,2331.474,final,Trading Hub Europe AggregatedConsumptionData
2026-01-22,4654.345,2303.137,2351.208,final,Trading Hub Europe AggregatedConsumptionData
2026-01-23,4549.979,2309.335,2240.644,final,Trading Hub Europe AggregatedConsumptionData
2026-01-24,4305.318,2266.756,2038.562,final,Trading Hub Europe AggregatedConsumptionData
2026-01-25,4373.761,2289.726,2084.035,final,Trading Hub Europe AggregatedConsumptionData
2026-01-26,4724.178,2281.482,2442.696,final,Trading Hub Europe AggregatedConsumptionData
2026-01-27,4568.354,2221.145,2347.209,final,Trading Hub Europe AggregatedConsumptionData
2026-01-28,4502.044,2176.115,2325.929,final,Trading Hub Europe AggregatedConsumptionData
2026-01-29,4601.123,2188.625,2412.498,final,Trading Hub Europe AggregatedConsumptionData
2026-01-30,4397.983,2172.125,2225.858,final,Trading Hub Europe AggregatedConsumptionData
2026-01-31,4094.995,2106.025,1988.969,final,Trading Hub Europe AggregatedConsumptionData
2026-02-01,4135.023,2137.338,1997.685,final,Trading Hub Europe AggregatedConsumptionData
2026-02-02,4517.268,2226.529,2290.739,final,Trading Hub Europe AggregatedConsumptionData
2026-02-03,4541.085,2244.359,2296.726,final,Trading Hub Europe AggregatedConsumptionData
2026-02-04,4495.163,2180.133,2315.030,final,Trading Hub Europe AggregatedConsumptionData
2026-02-05,4516.384,2164.921,2351.462,final,Trading Hub Europe AggregatedConsumptionData
2026-02-06,4272.286,2044.247,2228.039,final,Trading Hub Europe AggregatedConsumptionData
2026-02-07,3794.676,1883.871,1910.805,final,Trading Hub Europe AggregatedConsumptionData
2026-02-08,3852.872,1877.660,1975.212,final,Trading Hub Europe AggregatedConsumptionData
2026-02-09,4227.776,1913.535,2314.242,final,Trading Hub Europe AggregatedConsumptionData
2026-02-10,4030.945,1841.386,2189.559,final,Trading Hub Europe AggregatedConsumptionData
2026-02-11,3700.825,1649.659,2051.166,final,Trading Hub Europe AggregatedConsumptionData
2026-02-12,3567.981,1570.013,1997.969,final,Trading Hub Europe AggregatedConsumptionData
2026-02-13,3784.800,1668.247,2116.553,final,Trading Hub Europe AggregatedConsumptionData
2026-02-14,3924.707,1878.442,2046.265,final,Trading Hub Europe AggregatedConsumptionData
2026-02-15,3911.906,2064.929,1846.978,final,Trading Hub Europe AggregatedConsumptionData
2026-02-16,4233.580,2047.109,2186.471,final,Trading Hub Europe AggregatedConsumptionData
2026-02-17,4295.761,2029.579,2266.183,final,Trading Hub Europe AggregatedConsumptionData
2026-02-18,4390.592,2118.108,2272.484,final,Trading Hub Europe AggregatedConsumptionData
2026-02-19,4380.259,2144.536,2235.723,final,Trading Hub Europe AggregatedConsumptionData
2026-02-20,4074.319,2078.671,1995.648,final,Trading Hub Europe AggregatedConsumptionData
2026-02-21,3260.345,1725.049,1535.295,final,Trading Hub Europe AggregatedConsumptionData
2026-02-22,2841.978,1420.303,1421.675,final,Trading Hub Europe AggregatedConsumptionData
2026-02-23,3039.837,1332.238,1707.599,final,Trading Hub Europe AggregatedConsumptionData
2026-02-24,3264.847,1275.656,1989.191,final,Trading Hub Europe AggregatedConsumptionData
2026-02-25,2971.323,1209.127,1762.196,final,Trading Hub Europe AggregatedConsumptionData
2026-02-26,2669.596,1123.652,1545.944,final,Trading Hub Europe AggregatedConsumptionData
2026-02-27,2437.539,1011.149,1426.390,final,Trading Hub Europe AggregatedConsumptionData
2026-02-28,2270.103,1029.291,1240.812,final,Trading Hub Europe AggregatedConsumptionData
2026-03-01,2512.498,1145.634,1366.864,final,Trading Hub Europe AggregatedConsumptionData
2026-03-02,2833.696,1170.203,1663.492,final,Trading Hub Europe AggregatedConsumptionData
2026-03-03,2878.352,1164.465,1713.887,final,Trading Hub Europe AggregatedConsumptionData
2026-03-04,2898.792,1218.639,1680.153,final,Trading Hub Europe AggregatedConsumptionData
2026-03-05,2704.508,1164.801,1539.707,final,Trading Hub Europe AggregatedConsumptionData
2026-03-06,2663.934,1098.674,1565.259,final,Trading Hub Europe AggregatedConsumptionData
2026-03-07,2346.014,1034.166,1311.848,final,Trading Hub Europe AggregatedConsumptionData
2026-03-08,2290.546,1015.174,1275.372,final,Trading Hub Europe AggregatedConsumptionData
2026-03-09,2560.547,1002.540,1558.008,final,Trading Hub Europe AggregatedConsumptionData
2026-03-10,2447.258,978.563,1468.696,final,Trading Hub Europe AggregatedConsumptionData
2026-03-11,2401.501,996.454,1405.046,final,Trading Hub Europe AggregatedConsumptionData
2026-03-12,2467.927,1063.271,1404.657,final,Trading Hub Europe AggregatedConsumptionData
2026-03-13,2512.768,1085.785,1426.982,final,Trading Hub Europe AggregatedConsumptionData
2026-03-14,2746.250,1265.086,1481.163,final,Trading Hub Europe AggregatedConsumptionData
2026-03-15,2702.478,1368.252,1334.226,final,Trading Hub Europe AggregatedConsumptionData
2026-03-16,3055.657,1432.481,1623.176,final,Trading Hub Europe AggregatedConsumptionData
2026-03-17,3007.130,1362.114,1645.016,final,Trading Hub Europe AggregatedConsumptionData
2026-03-18,2837.575,1277.890,1559.685,final,Trading Hub Europe AggregatedConsumptionData
2026-03-19,2796.631,1189.362,1607.269,final,Trading Hub Europe AggregatedConsumptionData
2026-03-20,2725.854,1181.248,1544.606,final,Trading Hub Europe AggregatedConsumptionData
2026-03-21,2479.017,1178.333,1300.683,final,Trading Hub Europe AggregatedConsumptionData
2026-03-22,2447.461,1152.284,1295.177,final,Trading Hub Europe AggregatedConsumptionData
2026-03-23,2700.371,1133.815,1566.556,final,Trading Hub Europe AggregatedConsumptionData
2026-03-24,2352.493,1011.139,1341.354,final,Trading Hub Europe AggregatedConsumptionData
2026-03-25,2657.310,1150.409,1506.900,final,Trading Hub Europe AggregatedConsumptionData
2026-03-26,3068.851,1395.243,1673.608,final,Trading Hub Europe AggregatedConsumptionData
2026-03-27,3111.772,1494.148,1617.623,final,Trading Hub Europe AggregatedConsumptionData
2026-03-28,2815.647,1473.060,1342.587,final,Trading Hub Europe AggregatedConsumptionData
2026-03-29,2800.409,1481.745,1318.664,final,Trading Hub Europe AggregatedConsumptionData
2026-03-30,3118.364,1493.577,1624.788,final,Trading Hub Europe AggregatedConsumptionData
2026-03-31,3208.519,1452.787,1755.732,final,Trading Hub Europe AggregatedConsumptionData
2026-04-01,3132.948,1374.118,1758.831,final,Trading Hub Europe AggregatedConsumptionData
2026-04-02,2898.783,1323.808,1574.975,final,Trading Hub Europe AggregatedConsumptionData
2026-04-03,2351.366,1209.314,1142.053,final,Trading Hub Europe AggregatedConsumptionData
2026-04-04,2017.087,984.134,1032.953,final,Trading Hub Europe AggregatedConsumptionData
2026-04-05,1825.466,851.673,973.793,final,Trading Hub Europe AggregatedConsumptionData
2026-04-06,2042.288,918.312,1123.976,final,Trading Hub Europe AggregatedConsumptionData
2026-04-07,2316.064,930.949,1385.116,final,Trading Hub Europe AggregatedConsumptionData
2026-04-08,2284.697,919.329,1365.368,final,Trading Hub Europe AggregatedConsumptionData
2026-04-09,2270.750,899.492,1371.258,final,Trading Hub Europe AggregatedConsumptionData
2026-04-10,2419.015,929.835,1489.180,final,Trading Hub Europe AggregatedConsumptionData
2026-04-11,1899.499,807.537,1091.961,final,Trading Hub Europe AggregatedConsumptionData
2026-04-12,2133.674,862.645,1271.030,final,Trading Hub Europe AggregatedConsumptionData
2026-04-13,2548.733,879.623,1669.111,final,Trading Hub Europe AggregatedConsumptionData
2026-04-14,2546.315,894.588,1651.727,final,Trading Hub Europe AggregatedConsumptionData
2026-04-15,2323.315,814.853,1508.461,final,Trading Hub Europe AggregatedConsumptionData
2026-04-16,2149.169,709.444,1439.724,final,Trading Hub Europe AggregatedConsumptionData
2026-04-17,1931.360,610.314,1321.046,final,Trading Hub Europe AggregatedConsumptionData
2026-04-18,1643.840,545.011,1098.829,final,Trading Hub Europe AggregatedConsumptionData
2026-04-19,1823.401,677.672,1145.729,final,Trading Hub Europe AggregatedConsumptionData
2026-04-20,2348.526,862.250,1486.276,final,Trading Hub Europe AggregatedConsumptionData
2026-04-21,2431.452,950.351,1481.101,final,Trading Hub Europe AggregatedConsumptionData
2026-04-22,2324.382,916.326,1408.056,final,Trading Hub Europe AggregatedConsumptionData
2026-04-23,2183.966,834.189,1349.777,final,Trading Hub Europe AggregatedConsumptionData
2026-04-24,2056.347,777.899,1278.449,final,Trading Hub Europe AggregatedConsumptionData
2026-04-25,1775.705,727.425,1048.279,final,Trading Hub Europe AggregatedConsumptionData
2026-04-26,1934.751,749.099,1185.651,final,Trading Hub Europe AggregatedConsumptionData
2026-04-27,2076.228,728.361,1347.868,final,Trading Hub Europe AggregatedConsumptionData
2026-04-28,1909.336,664.942,1244.394,final,Trading Hub Europe AggregatedConsumptionData
2026-04-29,1931.795,662.520,1269.275,final,Trading Hub Europe AggregatedConsumptionData
2026-04-30,1819.530,627.123,1192.407,final,Trading Hub Europe AggregatedConsumptionData
2026-05-01,1415.785,490.617,925.167,final,Trading Hub Europe AggregatedConsumptionData
2026-05-02,1298.302,375.740,922.562,final,Trading Hub Europe AggregatedConsumptionData
2026-05-03,1269.923,331.320,938.603,final,Trading Hub Europe AggregatedConsumptionData
2026-05-04,1598.384,348.278,1250.106,final,Trading Hub Europe AggregatedConsumptionData
2026-05-05,1762.020,433.862,1328.158,final,Trading Hub Europe AggregatedConsumptionData
2026-05-06,1914.768,531.449,1383.319,final,Trading Hub Europe AggregatedConsumptionData
2026-05-07,2141.446,628.622,1512.823,final,Trading Hub Europe AggregatedConsumptionData
2026-05-08,1954.372,623.032,1331.341,final,Trading Hub Europe AggregatedConsumptionData
2026-05-09,1561.961,531.042,1030.920,final,Trading Hub Europe AggregatedConsumptionData
2026-05-10,1497.738,479.764,1017.974,final,Trading Hub Europe AggregatedConsumptionData
2026-05-11,1945.632,635.859,1309.773,final,Trading Hub Europe AggregatedConsumptionData
2026-05-12,2143.809,777.477,1366.332,final,Trading Hub Europe AggregatedConsumptionData
2026-05-13,2195.851,814.590,1381.260,final,Trading Hub Europe AggregatedConsumptionData
2026-05-14,2131.404,891.606,1239.799,final,Trading Hub Europe AggregatedConsumptionData
2026-05-15,2169.590,892.730,1276.860,final,Trading Hub Europe AggregatedConsumptionData
2026-05-16,1974.841,845.386,1129.455,final,Trading Hub Europe AggregatedConsumptionData
2026-05-17,1858.084,728.161,1129.924,final,Trading Hub Europe AggregatedConsumptionData
2026-05-18,2073.264,661.067,1412.197,final,Trading Hub Europe AggregatedConsumptionData
2026-05-19,1881.488,575.669,1305.819,final,Trading Hub Europe AggregatedConsumptionData
2026-05-20,1730.278,488.983,1241.295,final,Trading Hub Europe AggregatedConsumptionData
2026-05-21,1648.651,399.865,1248.787,final,Trading Hub Europe AggregatedConsumptionData
2026-05-22,1456.352,317.127,1139.225,final,Trading Hub Europe AggregatedConsumptionData
2026-05-23,1167.050,246.077,920.973,final,Trading Hub Europe AggregatedConsumptionData
2026-05-24,1083.506,225.513,857.993,final,Trading Hub Europe AggregatedConsumptionData
2026-05-25,1115.263,209.037,906.227,final,Trading Hub Europe AggregatedConsumptionData
2026-05-26,1322.795,195.981,1126.814,final,Trading Hub Europe AggregatedConsumptionData
2026-05-27,1333.398,217.114,1116.284,final,Trading Hub Europe AggregatedConsumptionData
2026-05-28,1437.582,242.129,1195.452,final,Trading Hub Europe AggregatedConsumptionData
2026-05-29,1315.155,216.105,1099.050,final,Trading Hub Europe AggregatedConsumptionData
2026-05-30,1116.915,209.562,907.352,final,Trading Hub Europe AggregatedConsumptionData
2026-05-31,1177.158,225.282,951.876,final,Trading Hub Europe AggregatedConsumptionData
2026-06-01,1419.245,242.507,1176.737,corrected,Trading Hub Europe AggregatedConsumptionData
2026-06-02,1377.376,249.984,1127.392,corrected,Trading Hub Europe AggregatedConsumptionData
2026-06-03,1330.009,280.361,1049.649,corrected,Trading Hub Europe AggregatedConsumptionData
2026-06-04,1267.160,299.925,967.234,corrected,Trading Hub Europe AggregatedConsumptionData
2026-06-05,1428.624,333.029,1095.595,corrected,Trading Hub Europe AggregatedConsumptionData
2026-06-06,1188.266,307.317,880.949,corrected,Trading Hub Europe AggregatedConsumptionData
2026-06-07,1230.440,300.843,929.597,corrected,Trading Hub Europe AggregatedConsumptionData
2026-06-08,1422.267,269.799,1152.468,corrected,Trading Hub Europe AggregatedConsumptionData
2026-06-09,1429.342,311.668,1117.674,corrected,Trading Hub Europe AggregatedConsumptionData
2026-06-10,1655.565,370.086,1285.479,corrected,Trading Hub Europe AggregatedConsumptionData
2026-06-11,1593.098,404.892,1188.206,corrected,Trading Hub Europe AggregatedConsumptionData
2026-06-12,1444.394,381.505,1062.889,corrected,Trading Hub Europe AggregatedConsumptionData
2026-06-13,1187.667,329.281,858.386,corrected,Trading Hub Europe AggregatedConsumptionData
2026-06-14,1289.544,338.426,951.118,corrected,Trading Hub Europe AggregatedConsumptionData
2026-06-15,1520.261,345.535,1174.726,corrected,Trading Hub Europe AggregatedConsumptionData
2026-06-16,1552.766,308.369,1244.397,corrected,Trading Hub Europe AggregatedConsumptionData
2026-06-17,1446.794,255.753,1191.041,corrected,Trading Hub Europe AggregatedConsumptionData
2026-06-18,1367.705,201.336,1166.369,corrected,Trading Hub Europe AggregatedConsumptionData
2026-06-19,1224.725,172.395,1052.329,corrected,Trading Hub Europe AggregatedConsumptionData
2026-06-20,1056.774,159.340,897.434,corrected,Trading Hub Europe AggregatedConsumptionData
2026-06-21,1059.332,160.712,898.620,corrected,Trading Hub Europe AggregatedConsumptionData
2026-06-22,1287.120,166.922,1120.199,corrected,Trading Hub Europe AggregatedConsumptionData
2026-06-23,1351.892,169.741,1182.152,corrected,Trading Hub Europe AggregatedConsumptionData
2026-06-24,1317.915,159.503,1158.412,corrected,Trading Hub Europe AggregatedConsumptionData
2026-06-25,1249.870,153.694,1096.175,corrected,Trading Hub Europe AggregatedConsumptionData
2026-06-26,1170.359,147.800,1022.559,corrected,Trading Hub Europe AggregatedConsumptionData
2026-06-27,984.079,141.445,842.634,corrected,Trading Hub Europe AggregatedConsumptionData
2026-06-28,969.846,142.772,827.074,corrected,Trading Hub Europe AggregatedConsumptionData
2026-06-29,1274.912,155.457,1119.455,corrected,Trading Hub Europe AggregatedConsumptionData
2026-06-30,1354.639,166.197,1188.443,corrected,Trading Hub Europe AggregatedConsumptionData
2026-07-01,1414.951,242.764,1172.187,corrected,Trading Hub Europe AggregatedConsumptionData
2026-07-02,1227.282,192.540,1034.742,corrected,Trading Hub Europe AggregatedConsumptionData
2026-07-03,1192.578,208.674,983.904,corrected,Trading Hub Europe AggregatedConsumptionData
2026-07-04,1039.059,206.052,833.007,corrected,Trading Hub Europe AggregatedConsumptionData
2026-07-05,1038.340,207.222,831.119,corrected,Trading Hub Europe AggregatedConsumptionData
2026-07-06,1206.881,205.019,1001.862,corrected,Trading Hub Europe AggregatedConsumptionData
2026-07-07,1205.529,192.769,1012.761,corrected,Trading Hub Europe AggregatedConsumptionData
2026-07-08,1300.870,196.624,1104.245,corrected,Trading Hub Europe AggregatedConsumptionData
2026-07-09,1298.612,193.817,1104.795,corrected,Trading Hub Europe AggregatedConsumptionData
2026-07-10,1219.218,182.413,1036.804,corrected,Trading Hub Europe AggregatedConsumptionData
2026-07-11,972.574,169.955,802.619,corrected,Trading Hub Europe AggregatedConsumptionData
2026-07-12,962.951,164.622,798.329,corrected,Trading Hub Europe AggregatedConsumptionData
2026-07-13,1171.824,165.519,1006.304,corrected,Trading Hub Europe AggregatedConsumptionData
2026-07-14,1202.213,164.514,1037.699,corrected,Trading Hub Europe AggregatedConsumptionData
2026-07-15,1231.388,166.270,1065.118,corrected,Trading Hub Europe AggregatedConsumptionData
2026-07-16,1272.912,166.259,1106.653,corrected,Trading Hub Europe AggregatedConsumptionData
2026-07-17,1149.337,170.320,979.017,corrected,Trading Hub Europe AggregatedConsumptionData
2026-07-18,981.120,178.729,802.392,corrected,Trading Hub Europe AggregatedConsumptionData
2026-07-19,1005.306,205.538,799.768,corrected,Trading Hub Europe AggregatedConsumptionData
2026-07-20,1237.434,233.453,1003.981,corrected,Trading Hub Europe AggregatedConsumptionData
2026-07-21,1265.704,238.224,1027.480,corrected,Trading Hub Europe AggregatedConsumptionData
2026-07-22,1298.641,242.104,1056.537,corrected,Trading Hub Europe AggregatedConsumptionData
2026-07-23,1298.909,243.399,1055.510,corrected,Trading Hub Europe AggregatedConsumptionData
2026-07-24,1228.617,227.745,1000.872,corrected,Trading Hub Europe AggregatedConsumptionData
2026-07-25,981.172,191.331,789.841,corrected,Trading Hub Europe AggregatedConsumptionData
2026-07-26,970.269,188.027,782.242,corrected,Trading Hub Europe AggregatedConsumptionData
2026-07-27,1174.214,195.787,978.426,corrected,Trading Hub Europe AggregatedConsumptionData
2026-07-28,1216.454,188.604,1027.849,corrected,Trading Hub Europe AggregatedConsumptionData
2026-07-29,1193.476,165.271,1028.205,corrected,Trading Hub Europe AggregatedConsumptionData
2026-07-30,1187.514,155.678,1031.836,corrected,Trading Hub Europe AggregatedConsumptionData
2026-07-31,1161.043,157.163,1003.879,corrected,Trading Hub Europe AggregatedConsumptionData
