scope,date,name,code,gas_in_storage_twh,working_gas_volume_twh,fill_pct,consumption_gwh_per_day,injection_gwh_per_day,withdrawal_gwh_per_day,net_withdrawal_gwh_per_day,injection_capacity_gwh_per_day,withdrawal_capacity_gwh_per_day,trend_pct,status,full_pct,source
DE,2025-11-01,Germany,DE,188.6759,251.1437,75.13,903.9,453.15,2.4,-450.8,4211.2,7086.73,0.18,C,75.13,GIE AGSI+ API v013
DE,2025-11-02,Germany,DE,188.9352,251.1437,75.23,903.9,286.89,34.8,-252.1,4211.2,7086.73,0.1,C,75.23,GIE AGSI+ API v013
DE,2025-11-03,Germany,DE,188.9506,251.1437,75.24,903.9,93.99,80.3,-13.7,4211.2,7086.73,0.01,C,75.24,GIE AGSI+ API v013
DE,2025-11-04,Germany,DE,189.1247,251.1437,75.31,903.9,186.57,10.3,-176.2,4211.2,7086.73,0.07,C,75.31,GIE AGSI+ API v013
DE,2025-11-05,Germany,DE,189.1609,251.1437,75.32,903.9,51.29,14.2,-37.1,4211.2,7086.73,0.01,C,75.32,GIE AGSI+ API v013
DE,2025-11-06,Germany,DE,188.747,251.1437,75.15,903.9,32.05,447.4,415.4,4211.2,7086.73,-0.16,C,75.15,GIE AGSI+ API v013
DE,2025-11-07,Germany,DE,188.2576,251.1437,74.96,903.9,3.82,499.3,495.5,4211.2,7086.73,-0.19,C,74.96,GIE AGSI+ API v013
DE,2025-11-08,Germany,DE,188.0595,251.1437,74.88,903.9,73.65,271.8,198.1,4211.2,7086.73,-0.08,C,74.88,GIE AGSI+ API v013
DE,2025-11-09,Germany,DE,187.9335,251.1437,74.83,903.9,66.02,192,126,4211.2,7086.73,-0.05,C,74.83,GIE AGSI+ API v013
DE,2025-11-10,Germany,DE,187.4961,251.1437,74.66,903.9,91.22,527.9,436.7,4211.2,7086.73,-0.17,C,74.66,GIE AGSI+ API v013
DE,2025-11-11,Germany,DE,187.5203,251.1437,74.67,903.9,181.12,146.8,-34.3,4211.2,7086.73,0.01,C,74.67,GIE AGSI+ API v013
DE,2025-11-12,Germany,DE,187.6351,251.1437,74.71,903.9,172.05,57.3,-114.8,4211.2,7086.73,0.05,C,74.71,GIE AGSI+ API v013
DE,2025-11-13,Germany,DE,187.6527,251.1437,74.72,903.9,106.92,89.2,-17.7,4211.2,7086.73,0.01,C,74.72,GIE AGSI+ API v013
DE,2025-11-14,Germany,DE,187.5467,251.1437,74.68,903.9,107.73,213.8,106,4211.2,7086.73,-0.04,C,74.68,GIE AGSI+ API v013
DE,2025-11-15,Germany,DE,187.5111,251.1437,74.66,903.9,97.59,133.2,35.6,4211.2,7086.73,-0.01,C,74.66,GIE AGSI+ API v013
DE,2025-11-16,Germany,DE,187.3973,251.1437,74.62,903.9,41.85,164.9,123,4211.2,7086.73,-0.05,C,74.62,GIE AGSI+ API v013
DE,2025-11-17,Germany,DE,186.5933,251.1437,74.3,903.9,17.11,823.4,806.3,4211.2,7086.73,-0.32,C,74.3,GIE AGSI+ API v013
DE,2025-11-18,Germany,DE,185.0321,251.1437,73.68,903.9,12.92,1244.1,1231.2,4211.2,7086.73,-0.62,C,73.68,GIE AGSI+ API v013
DE,2025-11-19,Germany,DE,183.7444,251.1437,73.16,903.9,15.97,1333.2,1317.2,4211.2,7086.73,-0.51,C,73.16,GIE AGSI+ API v013
DE,2025-11-20,Germany,DE,182.0119,251.1437,72.47,903.9,11.38,1743.7,1732.3,4211.2,7086.73,-0.69,C,72.47,GIE AGSI+ API v013
DE,2025-11-21,Germany,DE,180.0399,251.1437,71.69,903.9,3.32,1972.2,1968.9,4211.2,7086.73,-0.79,C,71.69,GIE AGSI+ API v013
DE,2025-11-22,Germany,DE,178.6885,251.1437,71.15,903.9,1.08,1375.3,1374.2,4211.2,7086.73,-0.54,C,71.15,GIE AGSI+ API v013
DE,2025-11-23,Germany,DE,177.4075,251.1437,70.64,903.9,20.82,1292.1,1271.3,4211.2,7086.73,-0.51,C,70.64,GIE AGSI+ API v013
DE,2025-11-24,Germany,DE,175.7549,251.1437,69.98,903.9,12.06,1670.9,1658.8,4211.2,7086.73,-0.66,C,69.98,GIE AGSI+ API v013
DE,2025-11-25,Germany,DE,173.9516,251.1437,69.26,903.9,18.55,1853.5,1834.9,4211.2,7086.73,-0.72,C,69.26,GIE AGSI+ API v013
DE,2025-11-26,Germany,DE,171.9039,251.1437,68.45,903.9,14.97,2058.4,2043.4,4211.2,7086.73,-0.82,C,68.45,GIE AGSI+ API v013
DE,2025-11-27,Germany,DE,170.326,251.1437,67.82,903.9,22.14,1571.8,1549.6,4211.2,7086.73,-0.63,C,67.82,GIE AGSI+ API v013
DE,2025-11-28,Germany,DE,169.2775,251.1437,67.4,903.9,6.45,1020,1013.6,4211.2,7086.73,-0.42,C,67.4,GIE AGSI+ API v013
DE,2025-11-29,Germany,DE,168.923,251.1437,67.26,903.9,50.58,405.1,354.5,4211.2,7086.73,-0.14,C,67.26,GIE AGSI+ API v013
DE,2025-11-30,Germany,DE,168.6038,251.1437,67.13,903.9,43.84,363.1,319.2,4211.2,7086.73,-0.13,C,67.13,GIE AGSI+ API v013
DE,2025-12-01,Germany,DE,167.6205,251.1437,66.74,903.9,30.02,1020.8,990.7,4211.2,7086.73,-0.39,E,66.74,GIE AGSI+ API v013
DE,2025-12-02,Germany,DE,166.5336,251.1437,66.31,903.9,14.28,1102.5,1088.2,4211.2,7086.73,-0.43,C,66.31,GIE AGSI+ API v013
DE,2025-12-03,Germany,DE,164.7716,251.1437,65.61,903.9,12.8,1776.2,1763.4,4211.2,7086.73,-0.7,C,65.61,GIE AGSI+ API v013
DE,2025-12-04,Germany,DE,163.3268,251.1437,65.03,903.9,13.02,1454.2,1441.2,4211.2,7086.73,-0.58,E,65.03,GIE AGSI+ API v013
DE,2025-12-05,Germany,DE,162.0745,251.1437,64.53,903.9,26.85,1318.7,1291.9,4211.2,7086.73,-0.5,C,64.53,GIE AGSI+ API v013
DE,2025-12-06,Germany,DE,161.6846,251.1437,64.38,903.9,47.61,427.9,380.3,4211.2,7086.73,-0.16,C,64.38,GIE AGSI+ API v013
DE,2025-12-07,Germany,DE,161.6329,251.1437,64.36,903.9,180.79,224.2,43.4,4211.2,7086.73,-0.02,C,64.36,GIE AGSI+ API v013
DE,2025-12-08,Germany,DE,161.6139,251.1437,64.35,903.9,189.77,214.7,24.9,4211.2,7086.73,-0.01,C,64.35,GIE AGSI+ API v013
DE,2025-12-09,Germany,DE,161.4942,251.1437,64.3,903.9,38.38,152.1,113.7,4211.2,7086.73,-0.05,C,64.3,GIE AGSI+ API v013
DE,2025-12-10,Germany,DE,161.2433,251.1437,64.2,903.9,39.62,290.5,250.9,4211.2,7086.73,-0.1,C,64.2,GIE AGSI+ API v013
DE,2025-12-11,Germany,DE,160.5947,251.1437,63.95,903.9,48.23,720.7,672.5,4211.2,7086.73,-0.26,C,63.95,GIE AGSI+ API v013
DE,2025-12-12,Germany,DE,159.493,251.1437,63.51,903.9,38.44,1136.8,1098.3,4211.2,7086.73,-0.44,E,63.51,GIE AGSI+ API v013
DE,2025-12-13,Germany,DE,158.8221,251.1437,63.24,903.9,46.14,643.7,597.5,4211.2,7086.73,-0.27,C,63.24,GIE AGSI+ API v013
DE,2025-12-14,Germany,DE,158.3657,251.1437,63.06,903.9,28.91,489.6,460.6,4211.2,7086.73,-0.18,C,63.06,GIE AGSI+ API v013
DE,2025-12-15,Germany,DE,157.3343,251.1437,62.65,903.9,29.44,1064.4,1035,4211.2,7086.73,-0.41,C,62.65,GIE AGSI+ API v013
DE,2025-12-16,Germany,DE,155.8745,251.1437,62.07,903.9,19.57,1471.5,1451.9,4211.2,7086.73,-0.58,C,62.07,GIE AGSI+ API v013
DE,2025-12-17,Germany,DE,154.7253,251.1437,61.61,903.9,7.66,1156.9,1149.2,4211.2,7086.73,-0.46,E,61.61,GIE AGSI+ API v013
DE,2025-12-18,Germany,DE,154.4399,251.1437,61.49,903.9,78.31,349.2,270.9,4211.2,7086.73,-0.11,C,61.49,GIE AGSI+ API v013
DE,2025-12-19,Germany,DE,154.1121,251.1437,61.36,903.9,23.58,351.4,327.8,4211.2,7086.73,-0.13,C,61.36,GIE AGSI+ API v013
DE,2025-12-20,Germany,DE,153.6632,251.1437,61.19,903.9,14.45,463.3,448.9,4211.2,7086.73,-0.18,C,61.19,GIE AGSI+ API v013
DE,2025-12-21,Germany,DE,153.4518,251.1437,61.1,903.9,25.74,237.2,211.4,4211.2,7086.73,-0.08,C,61.1,GIE AGSI+ API v013
DE,2025-12-22,Germany,DE,152.8778,251.1437,60.87,903.9,9.31,631.3,621.9,4211.2,7086.73,-0.23,C,60.87,GIE AGSI+ API v013
DE,2025-12-23,Germany,DE,152.2448,251.1437,60.62,903.9,22.09,703.1,681,4211.2,7086.73,-0.25,C,60.62,GIE AGSI+ API v013
DE,2025-12-24,Germany,DE,151.4402,251.1437,60.3,903.9,24.48,839.6,815.1,4211.2,7086.73,-0.32,C,60.3,GIE AGSI+ API v013
DE,2025-12-25,Germany,DE,150.122,251.1437,59.78,903.9,10.4,1360.3,1349.9,4211.2,7086.73,-0.52,C,59.78,GIE AGSI+ API v013
DE,2025-12-26,Germany,DE,148.5261,251.1437,59.14,903.9,10.1,1616.9,1606.8,4211.2,7086.73,-0.64,C,59.14,GIE AGSI+ API v013
DE,2025-12-27,Germany,DE,147.4637,251.1437,58.72,903.9,31.26,1087.1,1055.8,4211.2,7086.73,-0.42,C,58.72,GIE AGSI+ API v013
DE,2025-12-28,Germany,DE,146.3856,251.1437,58.29,903.9,11.88,1085.4,1073.5,4211.2,7086.73,-0.43,E,58.29,GIE AGSI+ API v013
DE,2025-12-29,Germany,DE,144.8559,251.1437,57.68,903.9,17.4,1553.9,1536.5,4211.2,7086.73,-0.61,E,57.68,GIE AGSI+ API v013
DE,2025-12-30,Germany,DE,143.446,251.1437,57.12,903.9,18.95,1457.2,1438.2,4211.2,7086.73,-0.56,C,57.12,GIE AGSI+ API v013
DE,2025-12-31,Germany,DE,142.1116,251.1437,56.59,903.9,18,1340.1,1322.2,4211.2,7086.73,-0.53,C,56.59,GIE AGSI+ API v013
DE,2026-01-01,Germany,DE,141.1181,251.1437,56.19,903.9,28.63,1018.8,990.2,4211.2,7086.73,0,C,56.19,GIE AGSI+ API v013
DE,2026-01-02,Germany,DE,139.8108,251.1437,55.67,903.9,7.95,1330.4,1322.4,4211.2,7086.73,-0.52,C,55.67,GIE AGSI+ API v013
DE,2026-01-03,Germany,DE,138.1909,251.1437,55.02,903.9,6.55,1622.4,1615.9,4211.2,7086.73,-0.65,C,55.02,GIE AGSI+ API v013
DE,2026-01-04,Germany,DE,136.1138,251.1437,54.2,903.9,2.88,2089.1,2086.2,4211.2,7086.73,-0.83,C,54.2,GIE AGSI+ API v013
DE,2026-01-05,Germany,DE,133.1356,251.1437,53.01,903.9,12.03,3106.4,3094.4,4211.2,7086.73,-1.19,C,53.01,GIE AGSI+ API v013
DE,2026-01-06,Germany,DE,130.054,251.1437,51.78,903.9,0,3187.4,3187.4,4211.2,7086.73,-1.23,C,51.78,GIE AGSI+ API v013
DE,2026-01-07,Germany,DE,126.7709,251.1437,50.48,903.9,9.41,3425.8,3416.4,4211.2,7086.73,-1.31,C,50.48,GIE AGSI+ API v013
DE,2026-01-08,Germany,DE,123.5749,251.1437,49.2,903.9,11.23,3256.3,3245.1,4211.2,7086.73,-1.27,E,49.2,GIE AGSI+ API v013
DE,2026-01-09,Germany,DE,121.2975,251.1437,48.3,903.9,30.64,2261.3,2230.6,4211.2,7086.73,-0.91,C,48.3,GIE AGSI+ API v013
DE,2026-01-10,Germany,DE,118.8577,251.1437,47.33,903.9,28.76,2455.4,2426.7,4211.2,7086.73,-0.97,C,47.33,GIE AGSI+ API v013
DE,2026-01-11,Germany,DE,116.3947,251.1437,46.35,903.9,32.27,2498.7,2466.4,4258,7086.73,-0.98,C,46.35,GIE AGSI+ API v013
DE,2026-01-12,Germany,DE,113.784,251.1437,45.31,903.9,46.34,2657.4,2611,4258,7086.73,-1.04,E,45.31,GIE AGSI+ API v013
DE,2026-01-13,Germany,DE,112.0725,251.1437,44.62,903.9,35.12,1699.3,1664.1,4258,7086.73,-0.68,E,44.62,GIE AGSI+ API v013
DE,2026-01-14,Germany,DE,110.5026,251.1437,44,903.9,95.79,1634.4,1538.6,4258,7086.73,-0.63,E,44,GIE AGSI+ API v013
DE,2026-01-15,Germany,DE,109.3779,251.1437,43.55,903.9,39.19,1233.1,1193.9,4258,7086.73,-0.45,C,43.55,GIE AGSI+ API v013
DE,2026-01-16,Germany,DE,108.4229,251.1437,43.17,903.9,105.19,1099.8,994.6,4258,7086.73,-0.38,C,43.17,GIE AGSI+ API v013
DE,2026-01-17,Germany,DE,107.3905,251.1437,42.76,903.9,69.99,1093,1023.1,4258,7086.73,-0.41,C,42.76,GIE AGSI+ API v013
DE,2026-01-18,Germany,DE,106.1946,251.1437,42.28,903.9,38.1,1245.9,1207.8,4258,7086.73,-0.48,C,42.28,GIE AGSI+ API v013
DE,2026-01-19,Germany,DE,104.1152,251.1437,41.46,903.9,1.84,2105.4,2103.6,4258,7086.73,-0.83,C,41.46,GIE AGSI+ API v013
DE,2026-01-20,Germany,DE,101.7587,251.1437,40.52,903.9,7.35,2379.6,2372.3,4258,7086.73,-0.94,C,40.52,GIE AGSI+ API v013
DE,2026-01-21,Germany,DE,99.762,251.1437,39.72,903.9,13.19,2037.9,2024.8,4258,7086.73,-0.8,C,39.72,GIE AGSI+ API v013
DE,2026-01-22,Germany,DE,97.5774,251.1437,38.85,903.9,20.04,2250.1,2230.1,4258,7086.73,-0.87,C,38.85,GIE AGSI+ API v013
DE,2026-01-23,Germany,DE,95.6605,251.1437,38.09,903.9,28.37,2006.2,1977.9,4258,7086.73,-0.76,C,38.09,GIE AGSI+ API v013
DE,2026-01-24,Germany,DE,94.1099,251.1437,37.47,903.9,15.65,1561.8,1546.2,4258,7086.73,-0.62,C,37.47,GIE AGSI+ API v013
DE,2026-01-25,Germany,DE,92.3618,251.1437,36.78,903.9,17.09,1776.8,1759.8,4258,7086.73,-0.7,C,36.78,GIE AGSI+ API v013
DE,2026-01-26,Germany,DE,90.286,251.1437,35.95,903.9,265.55,2395,2129.5,4258,7086.73,-0.83,C,35.95,GIE AGSI+ API v013
DE,2026-01-27,Germany,DE,88.2297,251.1437,35.13,903.9,5.81,2169.7,2163.9,4258,7086.73,-0.82,E,35.13,GIE AGSI+ API v013
DE,2026-01-28,Germany,DE,86.3654,251.1437,34.39,903.9,10.42,1881.9,1871.5,4258,7086.73,-0.74,E,34.39,GIE AGSI+ API v013
DE,2026-01-29,Germany,DE,84.2583,251.1437,33.55,903.9,10.95,2104.2,2093.2,4258,7086.73,-0.84,C,33.55,GIE AGSI+ API v013
DE,2026-01-30,Germany,DE,82.6109,251.1437,32.89,903.9,39.41,1678.1,1638.7,4258,7086.73,-0.66,C,32.89,GIE AGSI+ API v013
DE,2026-01-31,Germany,DE,81.3507,251.1437,32.39,903.9,24.06,1300.3,1276.2,4258,7086.73,-0.5,C,32.39,GIE AGSI+ API v013
DE,2026-02-01,Germany,DE,80.1146,251.1437,31.9,903.9,36.95,1197.8,1160.8,4258,7086.73,-0.49,C,31.9,GIE AGSI+ API v013
DE,2026-02-02,Germany,DE,78.0274,251.1437,31.07,903.9,11.73,2132.4,2120.7,4258,7086.73,-0.83,C,31.07,GIE AGSI+ API v013
DE,2026-02-03,Germany,DE,75.4561,251.1437,30.04,903.9,17.16,2613.1,2595.9,4258,7086.73,-1.02,C,30.04,GIE AGSI+ API v013
DE,2026-02-04,Germany,DE,73.0249,251.1437,29.08,903.9,24.43,2432.2,2407.8,4258,7086.73,-0.97,E,29.08,GIE AGSI+ API v013
DE,2026-02-05,Germany,DE,71.0544,251.1437,28.29,903.9,32.82,2082,2049.2,4258,7086.73,-0.78,C,28.29,GIE AGSI+ API v013
DE,2026-02-06,Germany,DE,69.2167,251.1437,27.56,903.9,22.78,1842.1,1819.4,4258,7086.73,-0.73,C,27.56,GIE AGSI+ API v013
DE,2026-02-07,Germany,DE,68.4577,251.1437,27.26,903.9,151.14,929.4,778.3,4258,7086.73,-0.3,C,27.26,GIE AGSI+ API v013
DE,2026-02-08,Germany,DE,67.5018,251.1437,26.88,903.9,52.91,1026.6,973.7,4258,7086.73,-0.38,C,26.88,GIE AGSI+ API v013
DE,2026-02-09,Germany,DE,65.8149,251.1437,26.21,903.9,24.09,1722.9,1698.8,4258,7086.73,-0.67,C,26.21,GIE AGSI+ API v013
DE,2026-02-10,Germany,DE,64.2552,251.1437,25.59,903.9,9.61,1577.8,1568.2,4258,7086.73,-0.62,C,25.59,GIE AGSI+ API v013
DE,2026-02-11,Germany,DE,63.1521,251.1437,25.15,903.9,17.3,1084.3,1067,4258,7086.73,-0.44,C,25.15,GIE AGSI+ API v013
DE,2026-02-12,Germany,DE,62.2999,251.1437,24.81,903.9,40.1,915.7,875.6,4258,7086.73,-0.34,E,24.81,GIE AGSI+ API v013
DE,2026-02-13,Germany,DE,61.1993,251.1437,24.37,903.9,49.56,1229,1179.4,4258,7086.73,-0.44,C,24.37,GIE AGSI+ API v013
DE,2026-02-14,Germany,DE,60.1149,251.1437,23.94,903.9,14.55,1158.5,1144,4258,7086.73,-0.43,E,23.94,GIE AGSI+ API v013
DE,2026-02-15,Germany,DE,59.0423,251.1437,23.51,903.9,20.65,1037.8,1017.1,4258,7086.73,-0.43,C,23.51,GIE AGSI+ API v013
DE,2026-02-16,Germany,DE,57.6404,251.1437,22.95,903.9,33.85,1448,1414.1,4258,7086.73,-0.56,E,22.95,GIE AGSI+ API v013
DE,2026-02-17,Germany,DE,56.0421,251.1437,22.31,903.9,26.33,1594.7,1568.4,4258,7086.73,-0.64,C,22.31,GIE AGSI+ API v013
DE,2026-02-18,Germany,DE,54.3075,251.1437,21.62,903.9,29.29,1747.4,1718.1,4258,7086.73,-0.69,C,21.62,GIE AGSI+ API v013
DE,2026-02-19,Germany,DE,52.88,251.1437,21.06,903.9,17.15,1446.7,1429.5,4258,7086.73,-0.57,C,21.06,GIE AGSI+ API v013
DE,2026-02-20,Germany,DE,51.8271,251.1437,20.64,903.9,34.18,1088.9,1054.7,4258,7086.73,-0.42,C,20.64,GIE AGSI+ API v013
DE,2026-02-21,Germany,DE,51.52,251.1437,20.51,903.9,152.96,469.8,316.8,4258,7086.73,-0.12,C,20.51,GIE AGSI+ API v013
DE,2026-02-22,Germany,DE,52.0604,251.1437,20.73,903.9,734.91,209.4,-525.5,4258,7086.73,0.22,C,20.73,GIE AGSI+ API v013
DE,2026-02-23,Germany,DE,51.916,251.1442,20.67,903.9,142.07,300.8,158.7,4258,7086.73,-0.06,C,20.67,GIE AGSI+ API v013
DE,2026-02-24,Germany,DE,51.538,251.1442,20.52,903.9,30.68,467.6,436.9,4258,7086.73,-0.15,C,20.52,GIE AGSI+ API v013
DE,2026-02-25,Germany,DE,51.3861,251.1442,20.46,903.9,73.45,267.3,193.9,4258,7086.73,-0.06,C,20.46,GIE AGSI+ API v013
DE,2026-02-26,Germany,DE,51.465,251.1442,20.49,903.9,238.65,196.2,-42.4,4258,7086.73,0.03,E,20.49,GIE AGSI+ API v013
DE,2026-02-27,Germany,DE,51.6794,251.1442,20.58,903.9,296.38,124,-172.4,4258,7086.73,0.09,E,20.58,GIE AGSI+ API v013
DE,2026-02-28,Germany,DE,52.0646,251.1442,20.73,903.9,495.77,123.8,-372,4258,7086.73,0.15,E,20.73,GIE AGSI+ API v013
DE,2026-03-01,Germany,DE,52.2888,251.1442,20.82,903.9,382.97,154.6,-228.4,4258,7086.73,0.09,E,20.82,GIE AGSI+ API v013
DE,2026-03-02,Germany,DE,52.4635,251.1442,20.89,903.9,372.83,222.1,-150.7,4258,7086.73,0.07,E,20.89,GIE AGSI+ API v013
DE,2026-03-03,Germany,DE,52.3389,251.1442,20.84,903.9,306.96,430,123.1,4258,7086.73,-0.05,C,20.84,GIE AGSI+ API v013
DE,2026-03-04,Germany,DE,52.1866,251.1442,20.78,903.9,243.86,405.7,161.8,4258,7086.73,-0.06,E,20.78,GIE AGSI+ API v013
DE,2026-03-05,Germany,DE,52.4582,251.1442,20.89,903.9,545.34,337.4,-207.9,4258,7086.73,0.11,E,20.89,GIE AGSI+ API v013
DE,2026-03-06,Germany,DE,52.6736,251.1442,20.97,903.9,546.24,327.9,-218.3,4258,7086.73,0.09,E,20.97,GIE AGSI+ API v013
DE,2026-03-07,Germany,DE,53.1401,251.1442,21.16,903.9,721.76,237.3,-484.4,4258,7086.73,0.19,C,21.16,GIE AGSI+ API v013
DE,2026-03-08,Germany,DE,53.7002,251.1442,21.38,903.9,776.85,216.8,-560,4258,7086.73,0.22,C,21.38,GIE AGSI+ API v013
DE,2026-03-09,Germany,DE,54.0224,251.1442,21.51,903.9,621.27,318.6,-302.7,4258,7086.73,0.13,C,21.51,GIE AGSI+ API v013
DE,2026-03-10,Germany,DE,54.3369,251.1442,21.64,903.9,626.19,308,-318.2,4258,7086.73,0.13,C,21.64,GIE AGSI+ API v013
DE,2026-03-11,Germany,DE,54.8073,251.1442,21.82,903.9,655.56,195.2,-460.4,4258,7086.73,0.19,C,21.82,GIE AGSI+ API v013
DE,2026-03-12,Germany,DE,55.0692,251.1442,21.93,903.9,392.22,130.3,-261.9,4258,7086.73,0.1,E,21.93,GIE AGSI+ API v013
DE,2026-03-13,Germany,DE,55.206,251.1442,21.98,903.9,376.34,231.5,-144.8,4258,7086.73,0.05,C,21.98,GIE AGSI+ API v013
DE,2026-03-14,Germany,DE,55.1183,251.1442,21.95,903.9,120.08,223.7,103.6,4258,7086.73,-0.03,C,21.95,GIE AGSI+ API v013
DE,2026-03-15,Germany,DE,55.1939,251.1442,21.98,903.9,256.84,165.4,-91.5,4258,7086.73,0.03,E,21.98,GIE AGSI+ API v013
DE,2026-03-16,Germany,DE,55.0917,251.1442,21.94,903.9,194.24,309.4,115.2,4258,7086.73,-0.04,C,21.94,GIE AGSI+ API v013
DE,2026-03-17,Germany,DE,54.838,251.1442,21.84,903.9,101.96,291.4,189.4,4258,7086.73,-0.1,C,21.84,GIE AGSI+ API v013
DE,2026-03-18,Germany,DE,54.8664,251.1442,21.85,903.9,178.83,215.8,37,4211.2,7086.73,0.01,C,21.85,GIE AGSI+ API v013
DE,2026-03-19,Germany,DE,54.9159,251.1442,21.87,903.9,233.26,182.1,-51.1,4211.2,7086.73,0.02,C,21.87,GIE AGSI+ API v013
DE,2026-03-20,Germany,DE,54.9678,251.1442,21.89,903.9,251.08,183.2,-67.9,4211.2,7086.73,0.02,C,21.89,GIE AGSI+ API v013
DE,2026-03-21,Germany,DE,55.1997,251.1442,21.98,903.9,461.01,190,-271,4211.2,7086.73,0.09,C,21.98,GIE AGSI+ API v013
DE,2026-03-22,Germany,DE,55.5311,251.1442,22.11,903.9,496.2,174.6,-321.6,4211.2,7086.73,0.13,C,22.11,GIE AGSI+ API v013
DE,2026-03-23,Germany,DE,55.6748,251.1442,22.17,903.9,272.37,172.1,-100.3,4211.2,7086.73,0.06,C,22.17,GIE AGSI+ API v013
DE,2026-03-24,Germany,DE,55.9951,251.1442,22.3,903.9,590.56,271.3,-319.3,4211.2,7086.73,0.13,C,22.3,GIE AGSI+ API v013
DE,2026-03-25,Germany,DE,56.1911,251.1442,22.37,903.9,432.77,236.7,-196.1,4211.2,7086.73,0.08,C,22.37,GIE AGSI+ API v013
DE,2026-03-26,Germany,DE,55.958,251.1442,22.28,903.9,174.74,407.8,233.1,4211.2,7086.73,-0.09,C,22.28,GIE AGSI+ API v013
DE,2026-03-27,Germany,DE,55.7851,251.045,22.22,903.9,183.04,356,173,4211.2,7086.73,-0.07,C,22.22,GIE AGSI+ API v013
DE,2026-03-28,Germany,DE,55.7559,251.045,22.21,903.9,182.09,211.2,29.1,4073.87,6864.76,-0.01,E,22.21,GIE AGSI+ API v013
DE,2026-03-29,Germany,DE,55.8165,251.045,22.23,903.9,259.77,187.2,-72.6,4202.42,7071.68,0.02,E,22.23,GIE AGSI+ API v013
DE,2026-03-30,Germany,DE,55.6495,251.045,22.17,903.9,48.15,215.2,167.1,4211.2,7086.73,-0.07,C,22.17,GIE AGSI+ API v013
DE,2026-03-31,Germany,DE,54.3234,244.5409,22.21,903.9,17.4,513.1,495.7,4073.32,6810.97,-0.54,E,22.21,GIE AGSI+ API v013
DE,2026-04-01,Germany,DE,54.5355,249.8115,21.83,903.9,31.97,596.4,564.5,4286.25,7081.16,0.08,E,21.83,GIE AGSI+ API v013
DE,2026-04-02,Germany,DE,54.0703,247.9182,21.81,903.9,27.92,546.7,518.8,4286.25,7081.16,-0.19,E,21.81,GIE AGSI+ API v013
DE,2026-04-03,Germany,DE,54.272,247.9182,21.89,903.9,383.42,147.8,-235.6,4286.25,7081.16,0.08,E,21.89,GIE AGSI+ API v013
DE,2026-04-04,Germany,DE,54.9926,247.9182,22.18,903.9,778.07,28.9,-749.2,4286.25,7081.16,0.29,E,22.18,GIE AGSI+ API v013
DE,2026-04-05,Germany,DE,55.7854,247.9182,22.5,903.9,765.87,31.9,-734,4286.25,7081.16,0.32,E,22.5,GIE AGSI+ API v013
DE,2026-04-06,Germany,DE,56.3116,247.9182,22.71,903.9,548.02,41,-507,4286.25,7081.16,0.21,E,22.71,GIE AGSI+ API v013
DE,2026-04-07,Germany,DE,56.5491,247.9046,22.81,903.9,289.06,80,-209,4286.25,7081.16,0.1,E,22.81,GIE AGSI+ API v013
DE,2026-04-08,Germany,DE,56.9333,247.9046,22.97,903.9,462.56,38.5,-424,4286.25,7081.16,0.15,E,22.97,GIE AGSI+ API v013
DE,2026-04-09,Germany,DE,57.1967,247.9046,23.07,903.9,311.14,90.5,-220.6,4286.25,7081.16,0.11,E,23.07,GIE AGSI+ API v013
DE,2026-04-10,Germany,DE,57.2454,247.9046,23.09,903.9,153.67,104.9,-48.8,4286.25,7081.16,0.02,E,23.09,GIE AGSI+ API v013
DE,2026-04-11,Germany,DE,57.6338,247.9046,23.25,903.9,436.09,40.3,-395.8,4286.25,7081.16,0.16,E,23.25,GIE AGSI+ API v013
DE,2026-04-12,Germany,DE,57.953,247.9046,23.38,903.9,352.45,40.7,-311.8,4286.25,7081.16,0.13,E,23.38,GIE AGSI+ API v013
DE,2026-04-13,Germany,DE,57.4939,247.9046,23.19,903.9,113.6,572.7,459.1,4286.25,7081.16,-0.19,E,23.19,GIE AGSI+ API v013
DE,2026-04-14,Germany,DE,57.1421,247.9046,23.05,903.9,16.26,367.5,351.3,4286.25,7081.16,-0.14,E,23.05,GIE AGSI+ API v013
DE,2026-04-15,Germany,DE,56.9898,247.9046,22.99,903.9,32.15,184.8,152.6,4286.25,7081.16,-0.06,E,22.99,GIE AGSI+ API v013
DE,2026-04-16,Germany,DE,57.1597,247.9046,23.06,903.9,229.84,59.9,-169.9,4286.25,7081.16,0.07,E,23.06,GIE AGSI+ API v013
DE,2026-04-17,Germany,DE,57.6111,247.9046,23.24,903.9,472.66,21.3,-451.3,4286.25,7081.16,0.18,E,23.24,GIE AGSI+ API v013
DE,2026-04-18,Germany,DE,58.3523,247.9046,23.54,903.9,803.25,25,-778.2,4286.25,7081.16,0.3,E,23.54,GIE AGSI+ API v013
DE,2026-04-19,Germany,DE,58.9853,247.9046,23.79,903.9,666.51,39.1,-627.4,4286.25,7081.16,0.26,E,23.79,GIE AGSI+ API v013
DE,2026-04-20,Germany,DE,59.112,247.9046,23.84,903.9,174.16,79,-95.1,4286.25,7081.16,0.05,E,23.84,GIE AGSI+ API v013
DE,2026-04-21,Germany,DE,59.0397,247.9046,23.82,903.9,80.57,146.5,65.9,4286.25,7081.16,-0.03,E,23.82,GIE AGSI+ API v013
DE,2026-04-22,Germany,DE,59.0987,247.9046,23.84,903.9,140.65,83.7,-56.9,4286.25,7081.16,0.02,E,23.84,GIE AGSI+ API v013
DE,2026-04-23,Germany,DE,59.1907,247.9046,23.88,903.9,159.8,67.9,-91.9,4286.25,7081.16,0.04,E,23.88,GIE AGSI+ API v013
DE,2026-04-24,Germany,DE,59.6817,247.7146,24.09,903.9,512.91,30.1,-482.8,4286.25,7081.16,0.2,E,24.09,GIE AGSI+ API v013
DE,2026-04-25,Germany,DE,60.4016,247.7146,24.38,903.9,754.96,29.8,-725.2,4286.25,7081.16,0.29,E,24.38,GIE AGSI+ API v013
DE,2026-04-26,Germany,DE,61.105,247.7146,24.67,903.9,736.49,28.5,-708,4286.25,7081.16,0.28,E,24.67,GIE AGSI+ API v013
DE,2026-04-27,Germany,DE,61.541,247.7146,24.84,903.9,494.74,58,-436.7,4286.25,7081.16,0.18,E,24.84,GIE AGSI+ API v013
DE,2026-04-28,Germany,DE,62.2792,247.7146,25.14,903.9,750.58,26,-724.5,4286.25,7081.16,0.3,E,25.14,GIE AGSI+ API v013
DE,2026-04-29,Germany,DE,63.0015,247.7146,25.43,903.9,752.71,30.3,-722.4,4286.25,7081.16,0.29,E,25.43,GIE AGSI+ API v013
DE,2026-04-30,Germany,DE,63.6946,247.7146,25.71,903.9,741.96,23.9,-718.1,4286.25,7081.16,0.28,E,25.71,GIE AGSI+ API v013
DE,2026-05-01,Germany,DE,64.7072,247.7146,26.12,903.9,1013.61,5.1,-1008.5,4286.25,7081.16,0.41,E,26.12,GIE AGSI+ API v013
DE,2026-05-02,Germany,DE,65.6998,247.7146,26.52,903.9,1010.05,10.4,-999.6,4286.25,7081.16,0.4,E,26.52,GIE AGSI+ API v013
DE,2026-05-03,Germany,DE,66.6615,247.7146,26.91,903.9,969.87,8.2,-961.7,4286.25,7081.16,0.39,E,26.91,GIE AGSI+ API v013
DE,2026-05-04,Germany,DE,67.2853,247.7476,27.16,903.9,599.42,12.6,-586.8,4286.25,7081.16,0.25,C,27.16,GIE AGSI+ API v013
DE,2026-05-05,Germany,DE,67.3844,247.7476,27.2,903.9,483.65,134.6,-349.1,4286.25,7081.16,0.04,C,27.2,GIE AGSI+ API v013
DE,2026-05-06,Germany,DE,67.5065,247.7476,27.25,903.9,182.43,60.3,-122.1,4286.25,7081.16,0.05,C,27.25,GIE AGSI+ API v013
DE,2026-05-07,Germany,DE,67.4451,247.7476,27.22,903.9,90.52,151.9,61.4,4286.25,7081.16,-0.02,C,27.22,GIE AGSI+ API v013
DE,2026-05-08,Germany,DE,67.6808,247.7476,27.32,903.9,252.23,16.5,-235.7,4286.25,7081.16,0.1,C,27.32,GIE AGSI+ API v013
DE,2026-05-09,Germany,DE,68.3625,247.7476,27.59,903.9,726.11,18.6,-707.5,4286.25,7081.16,0.28,C,27.59,GIE AGSI+ API v013
DE,2026-05-10,Germany,DE,69.1419,247.7476,27.91,903.9,800.37,13.1,-787.3,4286.25,7081.16,0.31,C,27.91,GIE AGSI+ API v013
DE,2026-05-11,Germany,DE,69.5819,247.7476,28.09,903.9,433.1,18.2,-414.9,4286.25,7081.16,0.18,C,28.09,GIE AGSI+ API v013
DE,2026-05-12,Germany,DE,69.5477,247.7476,28.07,903.9,85.76,128.8,43.1,4286.25,7081.16,-0.01,C,28.07,GIE AGSI+ API v013
DE,2026-05-13,Germany,DE,69.4305,247.7476,28.02,903.9,87.66,204.8,117.2,4286.25,7081.16,-0.05,C,28.02,GIE AGSI+ API v013
DE,2026-05-14,Germany,DE,69.506,247.7476,28.06,903.9,121.25,45.7,-75.5,4286.25,7081.16,0.03,C,28.06,GIE AGSI+ API v013
DE,2026-05-15,Germany,DE,69.6479,247.7476,28.11,903.9,192.74,50.8,-141.9,4286.25,7081.16,0.06,C,28.11,GIE AGSI+ API v013
DE,2026-05-16,Germany,DE,69.9345,247.7476,28.23,903.9,341.2,14.8,-326.4,4286.25,7081.16,0.12,C,28.23,GIE AGSI+ API v013
DE,2026-05-17,Germany,DE,70.3718,247.7476,28.4,903.9,455.72,12.6,-443.1,4286.25,7081.16,0.18,C,28.4,GIE AGSI+ API v013
DE,2026-05-18,Germany,DE,70.5197,247.7476,28.46,903.9,171.75,69.8,-101.9,4286.25,7081.16,0.06,C,28.46,GIE AGSI+ API v013
DE,2026-05-19,Germany,DE,70.6091,247.7476,28.5,903.9,262.62,137.2,-125.4,4286.25,7081.16,0.04,C,28.5,GIE AGSI+ API v013
DE,2026-05-20,Germany,DE,70.5616,247.7476,28.48,903.9,99.05,182.6,83.5,4286.25,7081.16,-0.02,C,28.48,GIE AGSI+ API v013
DE,2026-05-21,Germany,DE,70.8824,247.7476,28.61,903.9,374.22,32,-342.2,4286.25,7081.16,0.13,C,28.61,GIE AGSI+ API v013
DE,2026-05-22,Germany,DE,71.5024,247.7476,28.86,903.9,655.42,21.2,-634.2,4286.25,7081.16,0.25,C,28.86,GIE AGSI+ API v013
DE,2026-05-23,Germany,DE,72.6752,247.7476,29.33,903.9,1204.49,24,-1180.4,4286.25,7081.16,0.47,C,29.33,GIE AGSI+ API v013
DE,2026-05-24,Germany,DE,73.9207,247.7476,29.84,903.9,1262.41,18.2,-1244.2,4286.25,7081.16,0.5,C,29.84,GIE AGSI+ API v013
DE,2026-05-25,Germany,DE,74.9854,247.7476,30.27,903.9,1116.74,42.8,-1073.9,4286.25,7081.16,0.43,C,30.27,GIE AGSI+ API v013
DE,2026-05-26,Germany,DE,75.9172,247.7476,30.64,903.9,949.81,24,-925.9,4286.25,7081.16,0.38,E,30.64,GIE AGSI+ API v013
DE,2026-05-27,Germany,DE,76.8096,247.7476,31,903.9,887.34,8.9,-878.5,4286.25,7081.16,0.36,C,31,GIE AGSI+ API v013
DE,2026-05-28,Germany,DE,77.5937,247.7476,31.32,903.9,788.13,15,-773.2,4286.25,7081.16,0.32,C,31.32,GIE AGSI+ API v013
DE,2026-05-29,Germany,DE,78.6005,247.7476,31.73,903.9,1018.43,11.7,-1006.7,4286.25,7081.16,0.41,C,31.73,GIE AGSI+ API v013
DE,2026-05-30,Germany,DE,79.5102,247.7476,32.09,903.9,934.73,12.3,-922.4,4286.25,7081.16,0.37,C,32.09,GIE AGSI+ API v013
DE,2026-05-31,Germany,DE,80.557,247.7476,32.52,903.9,1027.16,4.1,-1023,4286.25,7081.16,0.42,C,32.52,GIE AGSI+ API v013
DE,2026-06-01,Germany,DE,80.9866,247.7476,32.69,903.9,657.35,8.9,-648.4,4286.25,7081.16,0.17,C,32.69,GIE AGSI+ API v013
DE,2026-06-02,Germany,DE,81.75,247.7476,33,903.9,755.11,8.4,-746.7,4286.25,7081.16,0.31,C,33,GIE AGSI+ API v013
DE,2026-06-03,Germany,DE,82.359,247.7476,33.24,903.9,621.45,12.2,-609.2,4286.25,7081.16,0.25,C,33.24,GIE AGSI+ API v013
DE,2026-06-04,Germany,DE,83.3196,247.7476,33.63,903.9,967.44,6.8,-960.6,4286.25,7081.16,0.39,E,33.63,GIE AGSI+ API v013
DE,2026-06-05,Germany,DE,84.0399,247.7476,33.92,903.9,721.63,12.4,-709.2,4291.38,7081.16,0.29,C,33.92,GIE AGSI+ API v013
DE,2026-06-06,Germany,DE,85.024,247.7476,34.32,903.9,1004.89,0.3,-1004.6,4291.38,7081.16,0.4,C,34.32,GIE AGSI+ API v013
DE,2026-06-07,Germany,DE,85.9904,247.7476,34.71,903.9,961.12,0,-961.1,4291.38,7081.16,0.39,C,34.71,GIE AGSI+ API v013
DE,2026-06-08,Germany,DE,86.7014,247.7476,35,903.9,727.63,8.5,-719.2,4291.38,7081.16,0.29,E,35,GIE AGSI+ API v013
DE,2026-06-09,Germany,DE,87.3989,247.7476,35.28,903.9,698.24,7,-691.2,4291.38,7081.16,0.28,C,35.28,GIE AGSI+ API v013
DE,2026-06-10,Germany,DE,87.9046,247.7476,35.48,903.9,499.47,7.3,-492.1,4291.38,7081.16,0.2,E,35.48,GIE AGSI+ API v013
DE,2026-06-11,Germany,DE,88.2634,247.7476,35.63,903.9,398.96,32.7,-366.2,4291.38,7081.16,0.14,C,35.63,GIE AGSI+ API v013
DE,2026-06-12,Germany,DE,88.8577,247.7476,35.87,903.9,700.29,6,-694.2,4291.38,7081.16,0.24,C,35.87,GIE AGSI+ API v013
DE,2026-06-13,Germany,DE,89.9469,246.7926,36.45,903.9,1106.65,10.2,-1096.4,4286.25,7081.16,0.44,C,36.45,GIE AGSI+ API v013
DE,2026-06-14,Germany,DE,90.86,246.7926,36.82,903.9,950.36,37.2,-913.2,4286.25,7081.16,0.37,C,36.82,GIE AGSI+ API v013
DE,2026-06-15,Germany,DE,91.4603,246.7926,37.06,903.9,664.85,55.9,-608.9,4286.25,7081.16,0.24,C,37.06,GIE AGSI+ API v013
DE,2026-06-16,Germany,DE,91.9222,246.7926,37.25,903.9,515.83,56.9,-459,4291.38,7081.16,0.19,C,37.25,GIE AGSI+ API v013
DE,2026-06-17,Germany,DE,92.4687,246.7926,37.47,903.9,570.94,7.6,-563.3,4291.38,7081.16,0.22,C,37.47,GIE AGSI+ API v013
DE,2026-06-18,Germany,DE,93.0712,246.7926,37.71,903.9,605.11,9.7,-595.4,4291.38,7081.16,0.24,E,37.71,GIE AGSI+ API v013
DE,2026-06-19,Germany,DE,93.8411,246.7926,38.02,903.9,781.4,5.4,-776,4291.38,7081.16,0.31,E,38.02,GIE AGSI+ API v013
DE,2026-06-20,Germany,DE,94.7006,246.7926,38.37,903.9,880.18,24.6,-855.6,4291.38,7081.16,0.35,E,38.37,GIE AGSI+ API v013
DE,2026-06-21,Germany,DE,95.5939,246.7926,38.73,903.9,924.63,22.6,-902.1,4291.38,7081.16,0.36,E,38.73,GIE AGSI+ API v013
DE,2026-06-22,Germany,DE,96.2158,246.7926,38.99,903.9,652.54,48.6,-603.9,4291.38,7081.16,0.25,E,38.99,GIE AGSI+ API v013
DE,2026-06-23,Germany,DE,96.8269,246.7926,39.23,903.9,548.99,17.7,-531.3,4291.38,7081.16,0.25,C,39.23,GIE AGSI+ API v013
DE,2026-06-24,Germany,DE,97.5494,246.7926,39.53,903.9,732.79,0.6,-732.2,4291.38,7081.16,0.29,C,39.53,GIE AGSI+ API v013
DE,2026-06-25,Germany,DE,98.4748,246.7926,39.9,903.9,935.53,0,-935.5,4291.38,7081.16,0.37,C,39.9,GIE AGSI+ API v013
DE,2026-06-26,Germany,DE,99.3729,246.7926,40.27,903.9,901.57,0.1,-901.5,4291.38,7081.16,0.36,C,40.27,GIE AGSI+ API v013
DE,2026-06-27,Germany,DE,100.5787,246.7926,40.75,903.9,1207.66,1.2,-1206.5,4291.38,7081.16,0.49,C,40.75,GIE AGSI+ API v013
DE,2026-06-28,Germany,DE,101.6988,246.7926,41.21,903.9,1137.93,18,-1119.9,4291.38,7081.16,0.45,E,41.21,GIE AGSI+ API v013
DE,2026-06-29,Germany,DE,102.4446,246.7926,41.51,903.9,778.67,32.8,-745.9,4291.38,7081.16,0.3,C,41.51,GIE AGSI+ API v013
DE,2026-06-30,Germany,DE,102.9307,246.7926,41.71,903.9,575.32,0.5,-574.8,4291.38,7081.16,0.2,C,41.71,GIE AGSI+ API v013
DE,2026-07-01,Germany,DE,103.6008,246.7926,41.98,903.9,793.53,113,-680.5,4291.38,7081.16,0.27,C,41.98,GIE AGSI+ API v013
DE,2026-07-02,Germany,DE,104.0406,246.7926,42.16,903.9,446.79,6.3,-440.5,4291.38,7081.16,0.18,E,42.16,GIE AGSI+ API v013
DE,2026-07-03,Germany,DE,104.5077,246.7926,42.35,903.9,471.73,7.6,-464.1,4291.38,7081.16,0.19,E,42.35,GIE AGSI+ API v013
DE,2026-07-04,Germany,DE,105.1798,246.7926,42.62,903.9,692.51,2.7,-689.8,4291.38,7081.16,0.27,C,42.62,GIE AGSI+ API v013
DE,2026-07-05,Germany,DE,105.8202,246.7926,42.88,903.9,644.84,9.8,-635,4291.38,7081.16,0.26,E,42.88,GIE AGSI+ API v013
DE,2026-07-06,Germany,DE,106.3564,246.7926,43.1,903.9,537.97,4.2,-533.7,4291.38,7081.16,0.22,C,43.1,GIE AGSI+ API v013
DE,2026-07-07,Germany,DE,106.8998,246.7926,43.32,903.9,538.33,6.4,-531.9,4291.38,7081.16,0.22,C,43.32,GIE AGSI+ API v013
DE,2026-07-08,Germany,DE,107.2219,246.7926,43.45,903.9,356.65,26.7,-330,4291.38,7081.16,0.13,C,43.45,GIE AGSI+ API v013
DE,2026-07-09,Germany,DE,107.5047,246.7926,43.56,903.9,289.78,19.3,-270.5,4291.38,7081.16,0.11,C,43.56,GIE AGSI+ API v013
DE,2026-07-10,Germany,DE,107.7322,246.7926,43.65,903.9,232.21,9.5,-222.7,4291.38,7081.16,0.09,C,43.65,GIE AGSI+ API v013
DE,2026-07-11,Germany,DE,108.4502,246.7926,43.94,903.9,730.16,4.2,-726,4291.38,7081.16,0.29,C,43.94,GIE AGSI+ API v013
DE,2026-07-12,Germany,DE,109.2223,246.7926,44.26,903.9,774.39,2.4,-772,4291.38,7081.16,0.31,C,44.26,GIE AGSI+ API v013
DE,2026-07-13,Germany,DE,109.7855,246.7926,44.48,903.9,552.65,3.1,-549.5,4291.38,7081.16,0.23,C,44.48,GIE AGSI+ API v013
DE,2026-07-14,Germany,DE,110.1996,246.7926,44.65,903.9,438.57,14.9,-423.6,4291.38,7081.16,0.17,C,44.65,GIE AGSI+ API v013
DE,2026-07-15,Germany,DE,110.5837,246.489,44.86,903.9,389.14,5.1,-384.1,4297.72,7067.36,0.16,C,44.86,GIE AGSI+ API v013
DE,2026-07-16,Germany,DE,110.6923,246.489,44.91,903.9,229.87,120.9,-109,4297.72,7067.36,0.04,C,44.91,GIE AGSI+ API v013
DE,2026-07-17,Germany,DE,110.9575,246.489,45.02,903.9,315.12,49.9,-265.2,4297.72,7067.36,0.11,C,45.02,GIE AGSI+ API v013
DE,2026-07-18,Germany,DE,111.4418,246.489,45.21,903.9,504.27,6.3,-498,4297.72,7067.36,0.2,C,45.21,GIE AGSI+ API v013
DE,2026-07-19,Germany,DE,111.9758,246.489,45.43,903.9,538.48,7.8,-530.7,4297.72,7067.36,0.22,C,45.43,GIE AGSI+ API v013
DE,2026-07-20,Germany,DE,112.2197,246.489,45.53,903.9,274.85,39.9,-234.9,4297.72,7067.36,0.1,C,45.53,GIE AGSI+ API v013
DE,2026-07-21,Germany,DE,112.2205,246.489,45.53,903.9,188.15,187.4,-0.8,4297.72,7067.36,0,C,45.53,GIE AGSI+ API v013
DE,2026-07-22,Germany,DE,112.458,246.489,45.62,903.9,265.05,18.6,-246.4,4297.72,7067.36,0.1,C,45.62,GIE AGSI+ API v013
DE,2026-07-23,Germany,DE,112.6447,246.489,45.7,903.9,224.82,30.8,-194,4297.72,7067.36,0.08,C,45.7,GIE AGSI+ API v013
DE,2026-07-24,Germany,DE,112.8844,246.489,45.8,903.9,277.39,40.5,-236.9,4297.72,7067.36,0.1,C,45.8,GIE AGSI+ API v013
DE,2026-07-25,Germany,DE,113.328,246.489,45.98,903.9,493.69,44,-449.7,4297.72,7067.36,0.18,E,45.98,GIE AGSI+ API v013
DE,2026-07-26,Germany,DE,113.8507,246.489,46.19,903.9,550.75,9.9,-540.9,4297.72,7067.36,0.21,C,46.19,GIE AGSI+ API v013
DE,2026-07-27,Germany,DE,114.1023,246.489,46.29,903.9,295.3,46.7,-248.6,4297.72,7067.36,0.1,C,46.29,GIE AGSI+ API v013
DE,2026-07-28,Germany,DE,114.3278,246.489,46.38,903.9,237.52,18.1,-219.4,4297.72,7067.36,0.09,C,46.38,GIE AGSI+ API v013
DE,2026-07-29,Germany,DE,114.7085,246.489,46.54,903.9,405.2,32,-373.2,4297.72,7067.36,0.15,C,46.54,GIE AGSI+ API v013
DE,2026-07-30,Germany,DE,115.0404,246.489,46.67,903.9,342.62,10.5,-332.1,4297.72,7067.36,0.13,C,46.67,GIE AGSI+ API v013
DE,2026-07-31,Germany,DE,115.0366,246.489,46.67,903.9,292.55,46.6,-246,4297.72,7067.36,-0,C,46.67,GIE AGSI+ API v013
DE,2026-08-01,Germany,DE,115.2102,246.489,46.74,903.9,452.18,392.4,-59.7,4297.72,7067.36,0.07,C,46.74,GIE AGSI+ API v013
DE,2026-08-02,Germany,DE,115.7183,246.489,46.95,903.9,533.94,17.1,-516.8,4297.72,7067.36,0.21,C,46.95,GIE AGSI+ API v013
DE,2026-08-03,Germany,DE,116.1528,246.489,47.12,903.9,433.67,10,-423.7,4297.72,7067.36,0.18,C,47.12,GIE AGSI+ API v013
DE,2026-08-04,Germany,DE,116.6413,246.489,47.32,903.9,504.27,20.3,-484,4292.58,7067.36,0.2,C,47.32,GIE AGSI+ API v013
DE,2026-08-05,Germany,DE,117.1223,246.489,47.52,903.9,492.7,11.7,-481,4292.58,7067.36,0.2,C,47.52,GIE AGSI+ API v013
DE,2026-08-06,Germany,DE,117.522,246.489,47.68,903.9,434.71,28.6,-406.1,4292.58,7067.36,0.16,C,47.68,GIE AGSI+ API v013
DE,2026-08-07,Germany,DE,117.8988,246.489,47.83,903.9,388.99,12.2,-376.8,4292.58,7067.36,0.15,E,47.83,GIE AGSI+ API v013
DE,2026-08-08,Germany,DE,118.5119,246.489,48.08,903.9,650.15,20.7,-629.5,4292.58,7067.36,0.25,C,48.08,GIE AGSI+ API v013
DE,2026-08-09,Germany,DE,119.1662,246.489,48.35,903.9,666.24,12.2,-654,4292.58,7067.36,0.27,C,48.35,GIE AGSI+ API v013
DE,2026-08-10,Germany,DE,119.6202,246.489,48.53,903.9,463.81,6.4,-457.4,4292.58,7067.36,0.18,C,48.53,GIE AGSI+ API v013
DE,2026-08-11,Germany,DE,120.0962,246.489,48.72,903.9,494.66,14.9,-479.8,4292.58,7067.36,0.19,C,48.72,GIE AGSI+ API v013
DE,2026-08-12,Germany,DE,120.5355,246.489,48.9,903.9,442.72,11.8,-430.9,4292.58,7067.36,0.18,C,48.9,GIE AGSI+ API v013
DE,2026-08-13,Germany,DE,121.1238,246.489,49.14,903.9,543.71,6.5,-537.3,4292.58,7067.36,0.24,C,49.14,GIE AGSI+ API v013
DE,2026-08-14,Germany,DE,121.8297,246.489,49.43,903.9,639.18,9.3,-629.9,4292.58,7067.36,0.29,C,49.43,GIE AGSI+ API v013
DE,2026-08-15,Germany,DE,122.5203,246.489,49.71,903.9,538.38,8.9,-529.4,4292.58,7067.36,0.28,C,49.71,GIE AGSI+ API v013
DE,2026-08-16,Germany,DE,123.1795,246.489,49.97,903.9,591,5.7,-585.3,4292.58,7067.36,0.27,C,49.97,GIE AGSI+ API v013
DE,2026-08-17,Germany,DE,123.3999,246.489,50.06,903.9,285.78,71.7,-214.1,4292.58,7067.36,0.09,C,50.06,GIE AGSI+ API v013
DE,2026-08-18,Germany,DE,123.6,246.489,50.14,903.9,173.57,74.1,-99.5,4292.58,7067.36,0.08,C,50.14,GIE AGSI+ API v013
EU,2025-11-01,EU,eu,945.6996,1141.9695,82.81,3519,1883.31,457.5,-1425.8,11949.96,20181.85,-0.01,C,82.81,GIE AGSI+ API v013
EU,2025-11-02,EU,eu,946.7112,1141.9695,82.9,3519,1575.96,583,-993,11949.8,20182.04,0.09,C,82.9,GIE AGSI+ API v013
EU,2025-11-03,EU,eu,948.0577,1141.9695,83.02,3519,911.08,1141.1,230,11949.63,20182.22,0.12,C,83.02,GIE AGSI+ API v013
EU,2025-11-04,EU,eu,948.0877,1141.9695,83.02,3519,1037.46,1001.2,-36.3,11973.31,20182.7,0,C,83.02,GIE AGSI+ API v013
EU,2025-11-05,EU,eu,947.4576,1141.9695,82.97,3519,702.94,1328,625,11962.83,20147.81,-0.06,C,82.97,GIE AGSI+ API v013
EU,2025-11-06,EU,eu,945.9339,1141.9695,82.83,3519,568.9,2090,1521.1,11972.36,20184.32,-0.13,C,82.83,GIE AGSI+ API v013
EU,2025-11-07,EU,eu,944.2237,1141.9695,82.68,3519,470.15,2186,1715.9,11970.86,20187.02,-0.15,C,82.68,GIE AGSI+ API v013
EU,2025-11-08,EU,eu,943.4301,1141.9695,82.61,3519,613.25,1687,1073.7,11971,20187.01,-0.07,C,82.61,GIE AGSI+ API v013
EU,2025-11-09,EU,eu,942.7029,1141.9695,82.55,3519,629.29,1345.5,716.2,11971.11,20187.01,-0.06,C,82.55,GIE AGSI+ API v013
EU,2025-11-10,EU,eu,940.8306,1141.9695,82.39,3519,564.24,2390.1,1825.9,11971.17,20187,-0.16,C,82.39,GIE AGSI+ API v013
EU,2025-11-11,EU,eu,939.863,1141.9695,82.3,3519,896.38,1825.4,929,11970.98,20187.32,-0.08,C,82.3,GIE AGSI+ API v013
EU,2025-11-12,EU,eu,938.9399,1141.9695,82.22,3519,822.38,1713.5,891.2,11960.63,20188.08,-0.08,C,82.22,GIE AGSI+ API v013
EU,2025-11-13,EU,eu,937.6918,1141.9695,82.11,3519,682.14,1896.8,1214.7,11970.34,20188.25,-0.11,C,82.11,GIE AGSI+ API v013
EU,2025-11-14,EU,eu,936.8021,1141.9695,82.03,3519,739.24,1993.1,1253.9,11970.14,20188.41,-0.08,C,82.03,GIE AGSI+ API v013
EU,2025-11-15,EU,eu,936.1688,1141.9695,81.98,3519,825.07,1449.1,624.1,11969.9,20188.56,-0.06,C,81.98,GIE AGSI+ API v013
EU,2025-11-16,EU,eu,935.1818,1141.9695,81.89,3519,631.66,1601.3,969.6,11969.85,20187.58,-0.09,C,81.89,GIE AGSI+ API v013
EU,2025-11-17,EU,eu,932.1093,1141.9695,81.62,3519,300.7,3352.8,3052.1,11969.83,20187.6,-0.27,C,81.62,GIE AGSI+ API v013
EU,2025-11-18,EU,eu,926.8668,1141.9695,81.16,3519,234.59,4992.2,4757.6,11970.01,20187.6,-0.46,C,81.16,GIE AGSI+ API v013
EU,2025-11-19,EU,eu,921.5243,1141.9695,80.7,3519,185.87,5658.3,5472.5,11946.51,20151.71,-0.47,C,80.7,GIE AGSI+ API v013
EU,2025-11-20,EU,eu,915.1674,1141.9695,80.14,3519,143.62,6500.1,6356.4,11946.96,20187.41,-0.56,C,80.14,GIE AGSI+ API v013
EU,2025-11-21,EU,eu,908.2727,1141.9695,79.54,3519,146.31,7037.8,6891.5,11947.48,20240.91,-0.6,C,79.54,GIE AGSI+ API v013
EU,2025-11-22,EU,eu,902.917,1141.9695,79.07,3519,233.77,5584.9,5351.1,11948.08,20240.91,-0.47,C,79.07,GIE AGSI+ API v013
EU,2025-11-23,EU,eu,897.9167,1141.9695,78.63,3519,342.89,5299.3,4956.4,11948.53,20240.77,-0.44,C,78.63,GIE AGSI+ API v013
EU,2025-11-24,EU,eu,891.6433,1141.9695,78.08,3519,172.67,6439.5,6266.8,11925.25,20154.16,-0.55,C,78.08,GIE AGSI+ API v013
EU,2025-11-25,EU,eu,885.2277,1141.9695,77.52,3519,133.53,6582.9,6449.3,11926.2,20153.23,-0.56,C,77.52,GIE AGSI+ API v013
EU,2025-11-26,EU,eu,878.5321,1141.9695,76.93,3519,134.54,6828.8,6694.3,11927.21,20152.3,-0.59,C,76.93,GIE AGSI+ API v013
EU,2025-11-27,EU,eu,872.4564,1141.9695,76.4,3519,236.09,6288.1,6052,11952.21,20236.99,-0.53,C,76.4,GIE AGSI+ API v013
EU,2025-11-28,EU,eu,867.2126,1141.9695,75.94,3519,233.11,5446.4,5213.3,11953.07,20236.13,-0.46,C,75.94,GIE AGSI+ API v013
EU,2025-11-29,EU,eu,863.5209,1141.9695,75.62,3519,367.74,4012.6,3644.9,11953.61,20235.6,-0.32,C,75.62,GIE AGSI+ API v013
EU,2025-11-30,EU,eu,858.8652,1141.9695,75.21,3519,326.57,3926.1,3599.5,11953.82,20235.6,-0.41,C,75.21,GIE AGSI+ API v013
EU,2025-12-01,EU,eu,854.0887,1141.9695,74.79,3519,175.39,6004.6,5829.2,11930.05,20223.42,-0.42,E,74.79,GIE AGSI+ API v013
EU,2025-12-02,EU,eu,848.0658,1141.9695,74.26,3519,161.07,6205.5,6044.4,11930.45,20223.42,-0.53,C,74.26,GIE AGSI+ API v013
EU,2025-12-03,EU,eu,841.2033,1141.9695,73.66,3519,151.74,6994.9,6843.2,11931.44,20222.52,-0.6,E,73.66,GIE AGSI+ API v013
EU,2025-12-04,EU,eu,834.9909,1141.9695,73.12,3519,158.45,6557.8,6399.3,11932.39,20221.54,-0.54,E,73.12,GIE AGSI+ API v013
EU,2025-12-05,EU,eu,829.1842,1142.6223,72.57,3519,236.16,5901.1,5665,12061.17,20415.29,-0.51,C,72.57,GIE AGSI+ API v013
EU,2025-12-06,EU,eu,825.7073,1142.6223,72.26,3519,389.14,3801.6,3412.5,12086.07,20500.26,-0.3,C,72.26,GIE AGSI+ API v013
EU,2025-12-07,EU,eu,823.0926,1142.6223,72.04,3519,645.71,3200.8,2555.1,12086.27,20500.26,-0.23,C,72.04,GIE AGSI+ API v013
EU,2025-12-08,EU,eu,820.2888,1142.6223,71.79,3519,679.87,3442,2762.1,12086.46,20414.58,-0.25,C,71.79,GIE AGSI+ API v013
EU,2025-12-09,EU,eu,817.2467,1142.6223,71.52,3519,366.65,3402.2,3035.6,12062.61,20414.58,-0.27,C,71.52,GIE AGSI+ API v013
EU,2025-12-10,EU,eu,813.9344,1142.6223,71.23,3519,451.92,3768.3,3316.4,12060.79,20410.59,-0.29,C,71.23,GIE AGSI+ API v013
EU,2025-12-11,EU,eu,809.4842,1142.6223,70.84,3519,299.14,4768.7,4469.5,12087.84,20495.02,-0.39,C,70.84,GIE AGSI+ API v013
EU,2025-12-12,EU,eu,804.3106,1142.6223,70.39,3519,306.87,5472.6,5165.8,12088.68,20494.31,-0.45,E,70.39,GIE AGSI+ API v013
EU,2025-12-13,EU,eu,800.2998,1142.6223,70.04,3519,420.22,4304.6,3884.4,12089.58,20493.6,-0.35,C,70.04,GIE AGSI+ API v013
EU,2025-12-14,EU,eu,796.7007,1142.6223,69.73,3519,434.24,4130.1,3695.9,12090.04,20493.6,-0.31,C,69.73,GIE AGSI+ API v013
EU,2025-12-15,EU,eu,791.2735,1142.6223,69.25,3519,261.52,5544.2,5282.7,12090.47,20493.6,-0.47,C,69.25,GIE AGSI+ API v013
EU,2025-12-16,EU,eu,784.2598,1142.6223,68.64,3519,211.08,6322.1,6111.1,12090.89,20493.5,-0.61,C,68.64,GIE AGSI+ API v013
EU,2025-12-17,EU,eu,778.7355,1142.6223,68.15,3519,224.89,5747.2,5522.3,12081.31,20457.8,-0.48,E,68.15,GIE AGSI+ API v013
EU,2025-12-18,EU,eu,775.3372,1142.6223,67.86,3519,1031.06,4415,3384,12091.56,20493.38,-0.3,C,67.86,GIE AGSI+ API v013
EU,2025-12-19,EU,eu,771.4063,1142.6223,67.51,3519,342.83,4269.2,3926.3,12088.55,20499.37,-0.34,C,67.51,GIE AGSI+ API v013
EU,2025-12-20,EU,eu,767.4224,1142.6223,67.16,3519,336.3,4277.9,3941.6,12088.88,20499.36,-0.35,C,67.16,GIE AGSI+ API v013
EU,2025-12-21,EU,eu,764.2556,1142.6223,66.89,3519,466.8,3581.5,3114.8,12089.36,20493.36,-0.28,C,66.89,GIE AGSI+ API v013
EU,2025-12-22,EU,eu,759.6671,1142.6223,66.48,3519,264,4839.5,4575.5,12089.59,20493.35,-0.4,C,66.48,GIE AGSI+ API v013
EU,2025-12-23,EU,eu,755.0847,1142.6223,66.08,3519,195.61,4768.4,4572.8,12089.95,20493.35,-0.4,C,66.08,GIE AGSI+ API v013
EU,2025-12-24,EU,eu,750.3407,1142.6223,65.67,3519,243.39,4967.3,4724,12080.2,20457.56,-0.42,C,65.67,GIE AGSI+ API v013
EU,2025-12-25,EU,eu,744.4001,1142.6223,65.15,3519,158.58,6096.8,5938.3,12090.63,20492.85,-0.52,C,65.15,GIE AGSI+ API v013
EU,2025-12-26,EU,eu,738.1811,1142.6223,64.6,3519,190.63,6383,6192.4,12091.51,20492.35,-0.54,C,64.6,GIE AGSI+ API v013
EU,2025-12-27,EU,eu,733.0463,1142.6223,64.15,3519,287.55,5384.7,5097.1,12092.38,20491.66,-0.45,C,64.15,GIE AGSI+ API v013
EU,2025-12-28,EU,eu,727.8156,1142.6223,63.7,3519,236.71,5423.8,5187.1,12093.31,20490.5,-0.46,E,63.7,GIE AGSI+ API v013
EU,2025-12-29,EU,eu,721.1907,1142.6223,63.12,3519,119.34,6734.2,6614.8,12094.15,20489.64,-0.58,E,63.12,GIE AGSI+ API v013
EU,2025-12-30,EU,eu,714.5191,1142.6223,62.53,3519,121.86,6781.9,6660,12095.2,20488.52,-0.58,C,62.53,GIE AGSI+ API v013
EU,2025-12-31,EU,eu,707.9809,1142.6223,61.96,3519,151.92,6656.7,6504.7,12086.21,20451.63,-0.57,C,61.96,GIE AGSI+ API v013
EU,2026-01-01,EU,eu,702.7194,1142.6223,61.5,3519,311.6,5538.9,5227.3,12097.16,20475.32,0,C,61.5,GIE AGSI+ API v013
EU,2026-01-02,EU,eu,696.5524,1142.6223,60.96,3519,278.39,6433.9,6155.5,12097.82,20474.53,-0.54,C,60.96,GIE AGSI+ API v013
EU,2026-01-03,EU,eu,690.0975,1142.6223,60.4,3519,243.71,6669.6,6425.9,12098.89,20473.33,-0.56,C,60.4,GIE AGSI+ API v013
EU,2026-01-04,EU,eu,682.5092,1142.6223,59.73,3519,151.36,7717.4,7566,12099.96,20472.12,-0.66,C,59.73,GIE AGSI+ API v013
EU,2026-01-05,EU,eu,672.7386,1142.6223,58.88,3519,67.46,9909.9,9842.4,12101.11,20470.57,-0.86,C,58.88,GIE AGSI+ API v013
EU,2026-01-06,EU,eu,663.0624,1142.6223,58.03,3519,57.85,9964.8,9907,12098.4,20475.69,-0.85,C,58.03,GIE AGSI+ API v013
EU,2026-01-07,EU,eu,652.8195,1142.6377,57.13,3519,68.95,10450.5,10381.6,12088.44,20440.3,-0.9,C,57.13,GIE AGSI+ API v013
EU,2026-01-08,EU,eu,642.5818,1142.6377,56.24,3519,94.97,10361.7,10266.7,12099.48,20474.3,-0.9,E,56.24,GIE AGSI+ API v013
EU,2026-01-09,EU,eu,633.9911,1142.6377,55.48,3519,124.16,8662.5,8538.3,12100.81,20472.71,-0.75,C,55.48,GIE AGSI+ API v013
EU,2026-01-10,EU,eu,625.2855,1142.6377,54.72,3519,140.28,8799.6,8659.3,12102.04,20471.23,-0.76,C,54.72,GIE AGSI+ API v013
EU,2026-01-11,EU,eu,616.6043,1142.6377,53.96,3519,169.53,8818.2,8648.7,12150.12,20454.41,-0.76,E,53.96,GIE AGSI+ API v013
EU,2026-01-12,EU,eu,607.6028,1142.6332,53.18,3519,192.35,9198.6,9006.2,12151.26,20452.52,-0.79,E,53.18,GIE AGSI+ API v013
EU,2026-01-13,EU,eu,599.6731,1142.6332,52.48,3519,129.41,8015.7,7886.3,12152.38,20450.43,-0.69,E,52.48,GIE AGSI+ API v013
EU,2026-01-14,EU,eu,592.6439,1142.6332,51.87,3519,338.98,7355.5,7016.5,12143.63,20412.66,-0.62,E,51.87,GIE AGSI+ API v013
EU,2026-01-15,EU,eu,586.4279,1142.6332,51.32,3519,297.42,6584.6,6287.2,12154.61,20446.85,-0.54,C,51.32,GIE AGSI+ API v013
EU,2026-01-16,EU,eu,580.6842,1142.6332,50.82,3519,481.55,6427.8,5946.3,12155.58,20391.19,-0.5,C,50.82,GIE AGSI+ API v013
EU,2026-01-17,EU,eu,574.9999,1142.6332,50.32,3519,398.34,6050.8,5652.5,12156.67,20389.53,-0.5,C,50.32,GIE AGSI+ API v013
EU,2026-01-18,EU,eu,569.1522,1142.6332,49.81,3519,439.04,6270.4,5831.3,12157.76,20387.82,-0.51,C,49.81,GIE AGSI+ API v013
EU,2026-01-19,EU,eu,560.8588,1142.6332,49.08,3519,64.27,8387.7,8323.4,12159.04,20386.14,-0.73,C,49.08,GIE AGSI+ API v013
EU,2026-01-20,EU,eu,551.883,1142.6332,48.3,3519,84.07,9081.8,8997.8,12160.58,20383.66,-0.79,C,48.3,GIE AGSI+ API v013
EU,2026-01-21,EU,eu,543.5855,1142.6332,47.57,3519,243.44,8572.6,8329.1,12152.08,20327.06,-0.73,C,47.57,GIE AGSI+ API v013
EU,2026-01-22,EU,eu,534.9317,1142.6332,46.82,3519,186.64,8796,8609.3,12163.09,20360.66,-0.76,C,46.82,GIE AGSI+ API v013
EU,2026-01-23,EU,eu,526.7837,1142.6332,46.1,3519,224.82,8347.5,8122.6,12164.68,20358.19,-0.71,C,46.1,GIE AGSI+ API v013
EU,2026-01-24,EU,eu,519.9876,1142.6332,45.51,3519,389.22,7052.6,6663.4,12166.36,20355.62,-0.59,C,45.51,GIE AGSI+ API v013
EU,2026-01-25,EU,eu,513.1807,1142.6332,44.91,3519,487.52,7174.4,6686.8,12168.04,20352.09,-0.6,C,44.91,GIE AGSI+ API v013
EU,2026-01-26,EU,eu,504.9772,1142.6332,44.19,3519,456.32,8621.4,8165.1,12170.19,20348.02,-0.72,C,44.19,GIE AGSI+ API v013
EU,2026-01-27,EU,eu,497.3464,1142.6332,43.53,3519,225.52,8164.4,7938.9,12171.72,20342.15,-0.67,E,43.53,GIE AGSI+ API v013
EU,2026-01-28,EU,eu,489.5725,1142.6332,42.85,3519,152.48,7931.1,7778.7,12165.24,20303.79,-0.68,E,42.85,GIE AGSI+ API v013
EU,2026-01-29,EU,eu,481.6663,1142.6332,42.15,3519,175.3,8118.6,7943.3,12177.58,20335.5,-0.69,E,42.15,GIE AGSI+ API v013
EU,2026-01-30,EU,eu,474.6302,1142.6332,41.54,3519,265.93,7322.7,7056.7,12179.97,20331.47,-0.62,C,41.54,GIE AGSI+ API v013
EU,2026-01-31,EU,eu,468.7076,1142.6332,41.02,3519,231.93,6452.2,6220.2,12181.61,20328.74,-0.52,C,41.02,GIE AGSI+ API v013
EU,2026-02-01,EU,eu,463.0615,1142.6332,40.53,3519,344.49,5791.1,5446.7,12182.82,20326.43,-0.49,E,40.53,GIE AGSI+ API v013
EU,2026-02-02,EU,eu,455.5248,1142.6332,39.87,3519,109.47,7785.4,7675.9,12183.84,20324.4,-0.66,C,39.87,GIE AGSI+ API v013
EU,2026-02-03,EU,eu,447.6683,1142.6332,39.18,3519,175.16,8452,8276.9,12162.01,20322.23,-0.69,C,39.18,GIE AGSI+ API v013
EU,2026-02-04,EU,eu,439.9291,1142.6332,38.5,3519,337.24,7964.1,7626.8,12164.1,20275.58,-0.68,E,38.5,GIE AGSI+ API v013
EU,2026-02-05,EU,eu,432.9572,1142.6332,37.89,3519,360.34,7335.4,6975.1,12165.84,20308.02,-0.61,E,37.89,GIE AGSI+ API v013
EU,2026-02-06,EU,eu,426.9671,1142.6332,37.37,3519,406.98,6366.1,5959.1,12167.61,20296.72,-0.52,C,37.37,GIE AGSI+ API v013
EU,2026-02-07,EU,eu,423.2156,1142.6332,37.04,3519,725.87,4483.4,3757.5,12168.15,20294.03,-0.33,C,37.04,GIE AGSI+ API v013
EU,2026-02-08,EU,eu,419.0197,1142.6332,36.67,3519,483.8,4677.1,4193.3,12168.88,20281.74,-0.37,C,36.67,GIE AGSI+ API v013
EU,2026-02-09,EU,eu,412.7173,1142.6332,36.12,3519,221.72,6441.2,6219.4,12169.93,20279.92,-0.55,C,36.12,GIE AGSI+ API v013
EU,2026-02-10,EU,eu,406.9948,1142.6332,35.62,3519,272.85,6023.4,5750.5,12171.6,20276.99,-0.5,E,35.62,GIE AGSI+ API v013
EU,2026-02-11,EU,eu,402.1776,1142.6332,35.2,3519,415.05,5134.2,4719.1,12172.98,20238.87,-0.42,E,35.2,GIE AGSI+ API v013
EU,2026-02-12,EU,eu,397.6345,1142.6332,34.8,3519,420.51,4933,4512.4,12173.24,20274.12,-0.4,E,34.8,GIE AGSI+ API v013
EU,2026-02-13,EU,eu,392.7498,1142.6332,34.37,3519,348.01,5241.1,4893.1,12174.05,20272.7,-0.43,C,34.37,GIE AGSI+ API v013
EU,2026-02-14,EU,eu,387.8839,1142.6332,33.95,3519,232.11,5132,4899.9,12175.8,20269.63,-0.43,E,33.95,GIE AGSI+ API v013
EU,2026-02-15,EU,eu,383.1784,1142.6332,33.53,3519,259.27,4907.3,4648.1,12177.35,20255.91,-0.41,C,33.53,GIE AGSI+ API v013
EU,2026-02-16,EU,eu,377.2896,1142.6332,33.02,3519,175.79,5986.7,5810.9,12178.69,20253.57,-0.52,E,33.02,GIE AGSI+ API v013
EU,2026-02-17,EU,eu,371.3612,1142.6332,32.5,3519,134.04,6033.4,5899.4,12180.23,20250.87,-0.52,C,32.5,GIE AGSI+ API v013
EU,2026-02-18,EU,eu,365.2517,1142.6332,31.97,3519,136.47,6231.5,6095.1,12181.18,20213.52,-0.53,E,31.97,GIE AGSI+ API v013
EU,2026-02-19,EU,eu,359.5198,1142.6332,31.46,3519,130.4,5867.5,5737.1,12182.63,20246.7,-0.5,C,31.46,GIE AGSI+ API v013
EU,2026-02-20,EU,eu,355.0132,1142.6332,31.07,3519,208.34,5105.3,4896.9,12184.17,20244.02,-0.39,C,31.07,GIE AGSI+ API v013
EU,2026-02-21,EU,eu,352.5875,1142.6332,30.86,3519,776.55,3188.7,2412.2,12184.59,20243.28,-0.21,C,30.86,GIE AGSI+ API v013
EU,2026-02-22,EU,eu,351.772,1142.6332,30.79,3519,1739.59,2543.6,804,12183.93,20244.44,-0.07,C,30.79,GIE AGSI+ API v013
EU,2026-02-23,EU,eu,349.6367,1142.6337,30.6,3519,712.71,2896.8,2184.1,12183.08,20246.03,-0.19,C,30.6,GIE AGSI+ API v013
EU,2026-02-24,EU,eu,346.7547,1142.6337,30.35,3519,464.59,3392.4,2927.8,12182.92,20246.53,-0.25,C,30.35,GIE AGSI+ API v013
EU,2026-02-25,EU,eu,344.9971,1142.6337,30.19,3519,848.6,2628.2,1779.6,12183.89,20209.34,-0.15,C,30.19,GIE AGSI+ API v013
EU,2026-02-26,EU,eu,343.8723,1142.6337,30.09,3519,1075.66,2226.4,1150.7,12183.48,20245.31,-0.1,E,30.09,GIE AGSI+ API v013
EU,2026-02-27,EU,eu,343.3812,1142.6337,30.05,3519,1452.77,1970.7,517.9,12183.73,20244.89,-0.04,E,30.05,GIE AGSI+ API v013
EU,2026-02-28,EU,eu,342.5502,1142.6337,29.98,3519,1780.41,1863,82.6,12183.95,20244.5,-0.07,E,29.98,GIE AGSI+ API v013
EU,2026-03-01,EU,eu,342.4953,1142.6337,29.97,3519,1344.21,1361.6,17.4,12182.39,20247.24,-0,E,29.97,GIE AGSI+ API v013
EU,2026-03-02,EU,eu,341.494,1142.6337,29.89,3519,1095.5,2073.4,977.9,12183.3,20245.64,-0.09,E,29.89,GIE AGSI+ API v013
EU,2026-03-03,EU,eu,339.9485,1142.6337,29.75,3519,988.07,2449.2,1461.1,12184.03,20244.37,-0.14,E,29.75,GIE AGSI+ API v013
EU,2026-03-04,EU,eu,338.1372,1142.6337,29.59,3519,909.89,2680.4,1770.5,12214.04,20208.65,-0.16,E,29.59,GIE AGSI+ API v013
EU,2026-03-05,EU,eu,337.3323,1142.6337,29.52,3519,1324.89,2581.6,1256.7,12208.26,20243.96,-0.07,E,29.52,GIE AGSI+ API v013
EU,2026-03-06,EU,eu,336.1935,1142.6337,29.42,3519,1199.28,2324.4,1125.1,12232.83,20244.72,-0.1,E,29.42,GIE AGSI+ API v013
EU,2026-03-07,EU,eu,335.9394,1142.6337,29.4,3519,1523.27,1694.9,171.6,12232.31,20245.63,-0.02,C,29.4,GIE AGSI+ API v013
EU,2026-03-08,EU,eu,335.9106,1142.6337,29.4,3519,1717.76,1616.6,-101.2,12231.95,20246.26,-0,C,29.4,GIE AGSI+ API v013
EU,2026-03-09,EU,eu,334.7405,1142.6337,29.3,3519,1106.58,2270.7,1164.1,12231.4,20161.54,-0.1,C,29.3,GIE AGSI+ API v013
EU,2026-03-10,EU,eu,334.4125,1142.6337,29.27,3519,1126.56,2184.8,1058.2,12231.02,20162.2,-0.03,C,29.27,GIE AGSI+ API v013
EU,2026-03-11,EU,eu,334.1502,1142.6337,29.24,3519,1184.37,1883.1,698.8,12231.13,20162.02,-0.02,C,29.24,GIE AGSI+ API v013
EU,2026-03-12,EU,eu,333.2505,1142.6337,29.17,3519,972.39,1859.8,887.5,12230.64,20162.88,-0.08,E,29.17,GIE AGSI+ API v013
EU,2026-03-13,EU,eu,332.5552,1142.6337,29.1,3519,1135,1810.3,675.3,12229.69,20164.55,-0.06,C,29.1,GIE AGSI+ API v013
EU,2026-03-14,EU,eu,332.0709,1142.6337,29.06,3519,941.32,1838.7,897.4,12253.51,20250.53,-0.04,C,29.06,GIE AGSI+ API v013
EU,2026-03-15,EU,eu,331.8297,1142.6337,29.04,3519,1321.29,1494.8,173.5,12254.1,20249.51,-0.02,E,29.04,GIE AGSI+ API v013
EU,2026-03-16,EU,eu,330.9655,1142.6337,28.97,3519,1063.89,1930.2,866.3,12254.47,20248.86,-0.08,E,28.97,GIE AGSI+ API v013
EU,2026-03-17,EU,eu,329.2693,1142.6337,28.82,3519,808.69,2095.7,1287,12255.24,20247.51,-0.15,E,28.82,GIE AGSI+ API v013
EU,2026-03-18,EU,eu,327.8383,1142.6337,28.69,3519,783.03,2106.2,1323.2,12198.99,20210.85,-0.13,C,28.69,GIE AGSI+ API v013
EU,2026-03-19,EU,eu,326.6069,1142.6337,28.58,3519,816.34,2036.5,1220.1,12208.45,20247.5,-0.11,C,28.58,GIE AGSI+ API v013
EU,2026-03-20,EU,eu,325.7905,1142.6337,28.51,3519,982.61,1818.3,835.7,12208.19,20247.94,-0.07,E,28.51,GIE AGSI+ API v013
EU,2026-03-21,EU,eu,325.4803,1142.6337,28.49,3519,1336.57,1588.4,251.9,12208.03,20248.22,-0.03,C,28.49,GIE AGSI+ API v013
EU,2026-03-22,EU,eu,325.3977,1142.6337,28.48,3519,1447.6,1514.7,67.1,12207.67,20248.86,-0.01,C,28.48,GIE AGSI+ API v013
EU,2026-03-23,EU,eu,324.7242,1142.6337,28.42,3519,933.99,2048.3,1114.3,12207.37,20249.39,-0.06,C,28.42,GIE AGSI+ API v013
EU,2026-03-24,EU,eu,325.0724,1142.6337,28.45,3519,1544.85,1475.8,-69.1,12207.51,20249.19,0.03,C,28.45,GIE AGSI+ API v013
EU,2026-03-25,EU,eu,324.9293,1142.6337,28.44,3519,1325.91,1482.9,157,12197.31,20213.9,-0.01,C,28.44,GIE AGSI+ API v013
EU,2026-03-26,EU,eu,323.2825,1142.6337,28.29,3519,648.19,2286.1,1637.9,12207.56,20249.24,-0.14,C,28.29,GIE AGSI+ API v013
EU,2026-03-27,EU,eu,321.5738,1142.5345,28.15,3519,688.88,2426.9,1738,12238.77,20247.04,-0.15,C,28.15,GIE AGSI+ API v013
EU,2026-03-28,EU,eu,321.0274,1141.0268,28.13,3519,1062.46,1555.7,493.2,12007.11,19905.36,-0.05,E,28.13,GIE AGSI+ API v013
EU,2026-03-29,EU,eu,321.107,1142.5345,28.1,3519,1064.81,1624.9,560.1,12211.14,20300.94,0.01,E,28.1,GIE AGSI+ API v013
EU,2026-03-30,EU,eu,319.6875,1142.5345,27.98,3519,675.72,1953.7,1278,12221.08,20313.95,-0.12,C,27.98,GIE AGSI+ API v013
EU,2026-03-31,EU,eu,313.7922,1136.2748,27.62,3519,481.76,2517.8,2036.1,12084.33,20036.14,-0.52,E,27.62,GIE AGSI+ API v013
EU,2026-04-01,EU,eu,316.1464,1133.7278,27.89,3519,571.52,2207.4,1635.9,12226.69,20050.42,0.21,E,27.89,GIE AGSI+ API v013
EU,2026-04-02,EU,eu,315.6317,1131.9995,27.88,3519,866.79,2081.1,1214.3,12243.16,20090.78,-0.05,E,27.88,GIE AGSI+ API v013
EU,2026-04-03,EU,eu,316.2059,1131.9995,27.93,3519,1531.04,928.2,-602.9,12245.1,20087.39,0.05,E,27.93,GIE AGSI+ API v013
EU,2026-04-04,EU,eu,318.6326,1131.9995,28.15,3519,2762.3,302.5,-2459.8,12246.48,20084.96,0.21,E,28.15,GIE AGSI+ API v013
EU,2026-04-05,EU,eu,321.3078,1131.9995,28.38,3519,2897.68,280,-2617.7,12246.49,20084.95,0.24,E,28.38,GIE AGSI+ API v013
EU,2026-04-06,EU,eu,323.5249,1131.9995,28.58,3519,2559.92,350.7,-2209.2,12246.29,20085.3,0.2,E,28.58,GIE AGSI+ API v013
EU,2026-04-07,EU,eu,325.3243,1131.9859,28.74,3519,2186.04,404.9,-1781.1,12246.86,20084.29,0.16,E,28.74,GIE AGSI+ API v013
EU,2026-04-08,EU,eu,327.014,1131.9859,28.89,3519,2129.42,406.1,-1723.4,12237.75,20047.03,0.15,E,28.89,GIE AGSI+ API v013
EU,2026-04-09,EU,eu,328.539,1132.6532,29.01,3519,2133.04,543.4,-1589.6,12248.01,20082.28,0.13,E,29.01,GIE AGSI+ API v013
EU,2026-04-10,EU,eu,329.9205,1132.2303,29.14,3519,1999.48,617.5,-1382,12248.59,20081.26,0.12,E,29.14,GIE AGSI+ API v013
EU,2026-04-11,EU,eu,332.4353,1132.2303,29.36,3519,2447.48,342,-2105.5,12249.16,20080.26,0.22,E,29.36,GIE AGSI+ API v013
EU,2026-04-12,EU,eu,333.9792,1132.2303,29.5,3519,2376.85,380.6,-1996.3,12249.54,20079.61,0.14,E,29.5,GIE AGSI+ API v013
EU,2026-04-13,EU,eu,334.2243,1132.2303,29.52,3519,1668.95,1398.7,-270.2,12249.77,20079.19,0.02,E,29.52,GIE AGSI+ API v013
EU,2026-04-14,EU,eu,334.1328,1132.2303,29.51,3519,1229.74,1302.4,72.7,12251.85,20075.54,-0.01,E,29.51,GIE AGSI+ API v013
EU,2026-04-15,EU,eu,334.7714,1132.7695,29.55,3519,1573.24,917.8,-655.5,12242.02,20039.56,0.06,E,29.55,GIE AGSI+ API v013
EU,2026-04-16,EU,eu,336.4578,1132.7695,29.7,3519,2074.52,492.9,-1581.6,12252.45,20059.5,0.15,E,29.7,GIE AGSI+ API v013
EU,2026-04-17,EU,eu,338.9122,1132.7695,29.92,3519,2801.56,304.8,-2496.7,12252.43,20059.53,0.22,E,29.92,GIE AGSI+ API v013
EU,2026-04-18,EU,eu,342.0918,1132.7695,30.2,3519,3424.54,195.8,-3228.7,12252.2,20059.94,0.28,E,30.2,GIE AGSI+ API v013
EU,2026-04-19,EU,eu,345.0441,1132.7695,30.46,3519,3154.66,216.5,-2938.2,12252.14,20060.04,0.26,E,30.46,GIE AGSI+ API v013
EU,2026-04-20,EU,eu,346.7528,1132.7695,30.61,3519,2075.52,409.6,-1665.9,12252.51,20059.4,0.15,E,30.61,GIE AGSI+ API v013
EU,2026-04-21,EU,eu,347.8268,1132.7695,30.71,3519,1778.3,672.5,-1105.8,12247.45,20052.08,0.09,E,30.71,GIE AGSI+ API v013
EU,2026-04-22,EU,eu,349.1441,1132.7695,30.82,3519,1817.35,500.9,-1316.5,12242.86,20023.07,0.12,E,30.82,GIE AGSI+ API v013
EU,2026-04-23,EU,eu,350.6005,1132.7695,30.95,3519,1933.06,460.1,-1473,12252.95,20058.63,0.13,E,30.95,GIE AGSI+ API v013
EU,2026-04-24,EU,eu,353.2082,1132.5795,31.19,3519,2841.7,241.6,-2600.1,12253.15,20058.27,0.23,E,31.19,GIE AGSI+ API v013
EU,2026-04-25,EU,eu,356.4516,1132.5795,31.47,3519,3458.47,201.7,-3256.8,12252.87,20058.75,0.29,E,31.47,GIE AGSI+ API v013
EU,2026-04-26,EU,eu,359.6138,1132.5795,31.75,3519,3358.52,193.8,-3164.7,12252.73,20059.01,0.28,E,31.75,GIE AGSI+ API v013
EU,2026-04-27,EU,eu,362.1243,1132.5795,31.97,3519,2805.16,295.2,-2509.9,12252.24,20059.86,0.22,E,31.97,GIE AGSI+ API v013
EU,2026-04-28,EU,eu,365.0716,1132.5795,32.23,3519,3131.32,201.3,-2930,12251.88,20060.5,0.26,E,32.23,GIE AGSI+ API v013
EU,2026-04-29,EU,eu,367.9275,1132.5795,32.49,3519,3071.51,191,-2880.5,12240.89,20026.54,0.25,E,32.49,GIE AGSI+ API v013
EU,2026-04-30,EU,eu,370.7137,1132.5809,32.73,3519,3016.15,259,-2757.2,12228.4,20084.8,0.25,E,32.73,GIE AGSI+ API v013
EU,2026-05-01,EU,eu,374.3047,1132.1209,33.06,3519,3927.06,85.2,-3841.9,12258.14,20044.26,0.32,E,33.06,GIE AGSI+ API v013
EU,2026-05-02,EU,eu,378.4168,1132.1209,33.43,3519,4187.18,63.9,-4123.3,12250.94,20036.43,0.36,E,33.43,GIE AGSI+ API v013
EU,2026-05-03,EU,eu,382.4172,1132.1209,33.78,3519,4092.37,78.5,-4013.9,12249.86,20038.32,0.35,E,33.78,GIE AGSI+ API v013
EU,2026-05-04,EU,eu,385.5517,1132.1539,34.05,3519,3238.84,138.7,-3100.1,12249.16,20039.54,0.28,C,34.05,GIE AGSI+ API v013
EU,2026-05-05,EU,eu,387.6695,1132.1539,34.24,3519,2965.23,595.6,-2369.6,12224.94,19954.26,0.19,C,34.24,GIE AGSI+ API v013
EU,2026-05-06,EU,eu,389.2507,1132.1539,34.38,3519,2087.6,494.1,-1593.5,12225.73,19952.88,0.14,C,34.38,GIE AGSI+ API v013
EU,2026-05-07,EU,eu,390.5793,1132.1539,34.5,3519,1993.71,658.5,-1335.3,12226.34,19951.81,0.12,C,34.5,GIE AGSI+ API v013
EU,2026-05-08,EU,eu,393.1524,1132.1539,34.73,3519,2716.31,134.4,-2581.9,12251,20036.32,0.23,C,34.73,GIE AGSI+ API v013
EU,2026-05-09,EU,eu,396.5856,1131.8689,35.04,3519,3556.07,107.5,-3448.5,12250.78,20036.7,0.3,C,35.04,GIE AGSI+ API v013
EU,2026-05-10,EU,eu,400.0892,1131.8845,35.35,3519,3665.59,135.9,-3529.7,12252.54,20037.49,0.31,C,35.35,GIE AGSI+ API v013
EU,2026-05-11,EU,eu,402.5463,1131.8845,35.56,3519,2673.26,239,-2434.2,12252.3,20037.91,0.22,C,35.56,GIE AGSI+ API v013
EU,2026-05-12,EU,eu,404.1957,1131.8845,35.71,3519,2176.96,531,-1646,12252.16,20038.16,0.15,C,35.71,GIE AGSI+ API v013
EU,2026-05-13,EU,eu,405.5868,1131.8845,35.83,3519,2167.97,781.9,-1386.1,12242.63,20001.63,0.12,C,35.83,GIE AGSI+ API v013
EU,2026-05-14,EU,eu,407.3007,1131.8845,35.98,3519,2149.3,435.4,-1713.9,12253.91,20035.09,0.15,E,35.98,GIE AGSI+ API v013
EU,2026-05-15,EU,eu,409.0593,1131.8845,36.14,3519,2227.11,465.8,-1761.3,12254.28,20034.43,0.16,E,36.14,GIE AGSI+ API v013
EU,2026-05-16,EU,eu,411.3285,1131.8845,36.34,3519,2583.41,280.7,-2302.7,12253.97,20034.99,0.2,E,36.34,GIE AGSI+ API v013
EU,2026-05-17,EU,eu,413.7893,1131.8845,36.56,3519,2716.87,246.4,-2470.5,12253.76,20035.35,0.22,E,36.56,GIE AGSI+ API v013
EU,2026-05-18,EU,eu,415.6689,1131.8845,36.72,3519,2112.98,421,-1692,12253.3,20036.15,0.17,E,36.72,GIE AGSI+ API v013
EU,2026-05-19,EU,eu,417.3712,1131.8845,36.87,3519,2278.07,474.7,-1803.4,12232.81,19960.29,0.15,C,36.87,GIE AGSI+ API v013
EU,2026-05-20,EU,eu,418.6345,1131.8845,36.99,3519,1923.92,690.8,-1233.1,12241.16,19988.24,0.11,E,36.99,GIE AGSI+ API v013
EU,2026-05-21,EU,eu,420.8071,1131.8845,37.18,3519,2610.62,424.8,-2185.8,12254.69,20033.72,0.19,C,37.18,GIE AGSI+ API v013
EU,2026-05-22,EU,eu,423.8874,1131.8845,37.45,3519,3247.85,147,-3100.8,12254.73,20033.65,0.27,C,37.45,GIE AGSI+ API v013
EU,2026-05-23,EU,eu,428.1555,1131.8845,37.83,3519,4355.59,80.5,-4275.1,12253.96,20035.01,0.38,C,37.83,GIE AGSI+ API v013
EU,2026-05-24,EU,eu,432.5347,1131.8845,38.21,3519,4473.73,103.5,-4370.2,12253.44,20035.92,0.39,C,38.21,GIE AGSI+ API v013
EU,2026-05-25,EU,eu,435.8617,1131.4655,38.52,3519,3943.8,207.8,-3736,12253.26,20036.23,0.29,C,38.52,GIE AGSI+ API v013
EU,2026-05-26,EU,eu,439.2978,1131.4655,38.83,3519,3657.31,228.8,-3428.6,12252.96,20036.75,0.3,E,38.83,GIE AGSI+ API v013
EU,2026-05-27,EU,eu,442.7625,1131.4655,39.13,3519,3669.21,218.3,-3450.9,12241.68,20003.3,0.31,C,39.13,GIE AGSI+ API v013
EU,2026-05-28,EU,eu,445.9829,1131.4655,39.42,3519,3394.48,187.9,-3206.5,12251.08,20040.05,0.28,C,39.42,GIE AGSI+ API v013
EU,2026-05-29,EU,eu,449.5793,1131.4655,39.73,3519,3690.1,104.2,-3585.9,12250.94,20040.29,0.32,C,39.73,GIE AGSI+ API v013
EU,2026-05-30,EU,eu,453.5937,1131.4655,40.09,3519,4115.12,95.7,-4019.4,12249.66,20042.55,0.35,C,40.09,GIE AGSI+ API v013
EU,2026-05-31,EU,eu,457.9533,1131.4655,40.47,3519,4322.1,66.3,-4255.8,12249.4,20043,0.39,E,40.47,GIE AGSI+ API v013
EU,2026-06-01,EU,eu,461.182,1131.466,40.76,3519,3473.92,299.9,-3174,12248.95,20043.79,0.29,C,40.76,GIE AGSI+ API v013
EU,2026-06-02,EU,eu,464.1876,1131.466,41.03,3519,3316.22,311.9,-3004.3,12248.4,20044.75,0.27,C,41.03,GIE AGSI+ API v013
EU,2026-06-03,EU,eu,466.7314,1131.466,41.25,3519,3039.53,492.1,-2547.5,12236.89,20011.71,0.22,C,41.25,GIE AGSI+ API v013
EU,2026-06-04,EU,eu,469.8593,1131.466,41.53,3519,3481.02,356.1,-3124.9,12245.97,20049.01,0.28,E,41.53,GIE AGSI+ API v013
EU,2026-06-05,EU,eu,472.8126,1131.466,41.79,3519,3228.22,287,-2941.2,12249.3,20052.07,0.26,E,41.79,GIE AGSI+ API v013
EU,2026-06-06,EU,eu,476.638,1131.466,42.13,3519,4004.49,119.6,-3884.9,12248.07,20054.31,0.34,C,42.13,GIE AGSI+ API v013
EU,2026-06-07,EU,eu,480.6597,1131.466,42.48,3519,4108.31,83,-4025.3,12246.35,20057.47,0.36,C,42.48,GIE AGSI+ API v013
EU,2026-06-08,EU,eu,484.1784,1131.466,42.79,3519,3643.99,119.2,-3524.7,12244.61,20060.64,0.31,E,42.79,GIE AGSI+ API v013
EU,2026-06-09,EU,eu,487.5966,1131.466,43.09,3519,3600.16,190.8,-3409.4,12243.6,20062.56,0.3,C,43.09,GIE AGSI+ API v013
EU,2026-06-10,EU,eu,490.5758,1131.466,43.36,3519,3251.59,286.4,-2965.2,12242.47,20064.76,0.26,E,43.36,GIE AGSI+ API v013
EU,2026-06-11,EU,eu,493.2224,1131.466,43.59,3519,3047.67,384,-2663.6,12241.88,20066,0.23,E,43.59,GIE AGSI+ API v013
EU,2026-06-12,EU,eu,496.7879,1131.466,43.91,3519,3763,91.4,-3671.6,12241.38,20066.95,0.32,E,43.91,GIE AGSI+ API v013
EU,2026-06-13,EU,eu,501.2414,1130.511,44.34,3519,4560.11,88.8,-4471.3,12235.17,20068.8,0.39,C,44.34,GIE AGSI+ API v013
EU,2026-06-14,EU,eu,505.5305,1130.511,44.72,3519,4432.88,133.5,-4299.4,12233.76,20071.22,0.38,C,44.72,GIE AGSI+ API v013
EU,2026-06-15,EU,eu,509.0319,1130.511,45.03,3519,3716.51,195.8,-3520.7,12232.62,20073.18,0.31,C,45.03,GIE AGSI+ API v013
EU,2026-06-16,EU,eu,512.0382,1130.511,45.29,3519,3256.99,245.8,-3011.2,12237.35,20073.83,0.27,C,45.29,GIE AGSI+ API v013
EU,2026-06-17,EU,eu,515.0694,1130.511,45.56,3519,3239.72,190.4,-3049.4,12227.67,20037.54,0.27,E,45.56,GIE AGSI+ API v013
EU,2026-06-18,EU,eu,517.9737,1130.511,45.82,3519,3082.95,187.5,-2895.5,12237.28,20073.87,0.26,E,45.82,GIE AGSI+ API v013
EU,2026-06-19,EU,eu,521.1504,1130.511,46.1,3519,3339.93,154.7,-3185.2,12236.92,20074.48,0.28,E,46.1,GIE AGSI+ API v013
EU,2026-06-20,EU,eu,524.6595,1130.511,46.41,3519,3712.52,206.3,-3506.2,12235.79,20076.39,0.31,E,46.41,GIE AGSI+ API v013
EU,2026-06-21,EU,eu,528.2316,1130.511,46.73,3519,3792.04,205.2,-3586.8,12235.03,20077.72,0.32,E,46.73,GIE AGSI+ API v013
EU,2026-06-22,EU,eu,531.0819,1130.511,46.98,3519,3167.62,329.7,-2837.9,12234.12,20079.29,0.25,E,46.98,GIE AGSI+ API v013
EU,2026-06-23,EU,eu,533.6942,1130.511,47.21,3519,2885.72,349.4,-2536.3,12233.38,20080.58,0.23,C,47.21,GIE AGSI+ API v013
EU,2026-06-24,EU,eu,536.2717,1130.511,47.44,3519,2880.25,288.3,-2591.9,12229.48,20054.63,0.23,E,47.44,GIE AGSI+ API v013
EU,2026-06-25,EU,eu,539.2212,1130.511,47.7,3519,3288.48,330.4,-2958.1,12238.75,20091.58,0.26,C,47.7,GIE AGSI+ API v013
EU,2026-06-26,EU,eu,542.3963,1130.511,47.98,3519,3468.71,280.4,-3188.3,12237.33,20093.99,0.28,C,47.98,GIE AGSI+ API v013
EU,2026-06-27,EU,eu,546.124,1130.511,48.31,3519,3916.41,181.6,-3734.8,12235.45,20097.23,0.33,C,48.31,GIE AGSI+ API v013
EU,2026-06-28,EU,eu,549.799,1130.511,48.63,3519,3878.11,191.3,-3686.9,12233.77,20100.12,0.33,E,48.63,GIE AGSI+ API v013
EU,2026-06-29,EU,eu,552.5008,1130.511,48.87,3519,3112.67,391.8,-2720.9,12232.78,20101.8,0.24,C,48.87,GIE AGSI+ API v013
EU,2026-06-30,EU,eu,554.9414,1130.511,49.09,3519,2781.59,276.9,-2504.6,12232.37,20102.47,0.22,C,49.09,GIE AGSI+ API v013
EU,2026-07-01,EU,eu,556.6702,1130.511,49.24,3519,3008.37,525.8,-2482.6,12239.92,19987.81,0.15,C,49.24,GIE AGSI+ API v013
EU,2026-07-02,EU,eu,559.2831,1130.511,49.47,3519,3014.3,390.5,-2623.8,12249.89,20023.56,0.23,E,49.47,GIE AGSI+ API v013
EU,2026-07-03,EU,eu,562.1155,1130.511,49.72,3519,3226.87,383.4,-2843.5,12244.91,20014.37,0.25,E,49.72,GIE AGSI+ API v013
EU,2026-07-04,EU,eu,565.7769,1130.511,50.05,3519,3881.76,192.5,-3689.3,12250.38,20022.62,0.32,C,50.05,GIE AGSI+ API v013
EU,2026-07-05,EU,eu,569.421,1130.511,50.37,3519,3877.6,220.5,-3657.1,12249.68,20023.83,0.32,E,50.37,GIE AGSI+ API v013
EU,2026-07-06,EU,eu,572.4739,1130.511,50.64,3519,3358.93,299.8,-3059.1,12249.01,20024.96,0.27,C,50.64,GIE AGSI+ API v013
EU,2026-07-07,EU,eu,575.3398,1130.511,50.89,3519,3192.82,328.6,-2864.2,12248.71,20025.46,0.25,C,50.89,GIE AGSI+ API v013
EU,2026-07-08,EU,eu,577.8106,1130.511,51.11,3519,2985.63,499.2,-2486.4,12238.48,19990.16,0.22,C,51.11,GIE AGSI+ API v013
EU,2026-07-09,EU,eu,580.1705,1130.511,51.32,3519,2930.86,577.5,-2353.4,12248.52,20025.79,0.21,E,51.32,GIE AGSI+ API v013
EU,2026-07-10,EU,eu,582.571,1130.511,51.53,3519,2880.07,434.6,-2445.5,12248.87,20025.15,0.21,C,51.53,GIE AGSI+ API v013
EU,2026-07-11,EU,eu,586.4149,1130.511,51.87,3519,4054.6,207.9,-3846.7,12248.93,20025.06,0.34,C,51.87,GIE AGSI+ API v013
EU,2026-07-12,EU,eu,590.548,1130.511,52.24,3519,4335.33,206.6,-4128.7,12247.64,20027.28,0.37,C,52.24,GIE AGSI+ API v013
EU,2026-07-13,EU,eu,593.7829,1130.511,52.52,3519,3516.85,292.4,-3224.5,12245.76,20030.64,0.29,C,52.52,GIE AGSI+ API v013
EU,2026-07-14,EU,eu,596.5946,1130.511,52.77,3519,3169.01,334.9,-2834.1,12245.03,20031.95,0.25,E,52.77,GIE AGSI+ API v013
EU,2026-07-15,EU,eu,598.9921,1130.2074,53,3519,2752.82,364.7,-2388.2,12240.6,19983.7,0.21,C,53,GIE AGSI+ API v013
EU,2026-07-16,EU,eu,600.7487,1130.2074,53.15,3519,2460.24,709,-1751.2,12250.47,20019.62,0.16,C,53.15,GIE AGSI+ API v013
EU,2026-07-17,EU,eu,603.1376,1130.2074,53.37,3519,2856.63,463.3,-2393.4,12251.15,20018.43,0.21,C,53.37,GIE AGSI+ API v013
EU,2026-07-18,EU,eu,606.6223,1130.2074,53.67,3519,3678.55,158.7,-3519.9,12251.53,20017.76,0.31,E,53.67,GIE AGSI+ API v013
EU,2026-07-19,EU,eu,610.2786,1130.2074,54,3519,3781.37,138.1,-3643.3,12251.36,20018.03,0.32,C,54,GIE AGSI+ API v013
EU,2026-07-20,EU,eu,612.6155,1130.2074,54.2,3519,2786.84,455.4,-2331.4,12251.08,20018.49,0.21,C,54.2,GIE AGSI+ API v013
EU,2026-07-21,EU,eu,614.6211,1130.2074,54.38,3519,2718.46,714.2,-2004.2,12251.18,20018.28,0.18,C,54.38,GIE AGSI+ API v013
EU,2026-07-22,EU,eu,617.1719,1130.2074,54.61,3519,2862.77,305.1,-2557.7,12241.67,19981.7,0.23,C,54.61,GIE AGSI+ API v013
EU,2026-07-23,EU,eu,619.5889,1130.2074,54.82,3519,2814.6,369.1,-2445.5,12251.55,20017.63,0.21,E,54.82,GIE AGSI+ API v013
EU,2026-07-24,EU,eu,622.3399,1130.2074,55.06,3519,3090.95,320.9,-2770.1,12251.82,20017.17,0.24,E,55.06,GIE AGSI+ API v013
EU,2026-07-25,EU,eu,625.5556,1130.2074,55.35,3519,3588.19,363.9,-3224.3,12251.92,20017.01,0.28,E,55.35,GIE AGSI+ API v013
EU,2026-07-26,EU,eu,629.1436,1130.2074,55.67,3519,3729.04,191.4,-3537.6,12251.55,20017.72,0.32,C,55.67,GIE AGSI+ API v013
EU,2026-07-27,EU,eu,631.9309,1130.2074,55.91,3519,3073.62,283.8,-2789.8,12251.38,20018.06,0.25,C,55.91,GIE AGSI+ API v013
EU,2026-07-28,EU,eu,634.6105,1130.2074,56.15,3519,2930.2,255,-2675.2,12251.35,20018.09,0.24,C,56.15,GIE AGSI+ API v013
EU,2026-07-29,EU,eu,637.3729,1130.2074,56.39,3519,3010.38,256.3,-2754,12241.49,19982.19,0.24,C,56.39,GIE AGSI+ API v013
EU,2026-07-30,EU,eu,640.0543,1130.2074,56.63,3519,2901.34,217.9,-2683.4,12251.27,20018.27,0.24,E,56.63,GIE AGSI+ API v013
EU,2026-07-31,EU,eu,642.6029,1130.2074,56.86,3519,3126.32,388,-2738.4,12251.46,20017.94,0.23,C,56.86,GIE AGSI+ API v013
EU,2026-08-01,EU,eu,645.1988,1130.2074,57.09,3519,3582.72,525.7,-3057,12251.87,20017.25,0.23,C,57.09,GIE AGSI+ API v013
EU,2026-08-02,EU,eu,648.8458,1130.2074,57.41,3519,3789.76,141.2,-3648.5,12251.92,20017.21,0.32,C,57.41,GIE AGSI+ API v013
EU,2026-08-03,EU,eu,651.4473,1130.2074,57.64,3519,2878.08,293.2,-2584.9,12251.83,20017.34,0.23,C,57.64,GIE AGSI+ API v013
EU,2026-08-04,EU,eu,653.79,1130.2074,57.85,3519,2677.38,340.8,-2336.6,12246.14,20018.25,0.21,C,57.85,GIE AGSI+ API v013
EU,2026-08-05,EU,eu,656.3634,1130.2074,58.07,3519,2893.4,320.9,-2572.5,12235.48,19983.67,0.23,C,58.07,GIE AGSI+ API v013
EU,2026-08-06,EU,eu,658.9031,1130.2074,58.3,3519,2944.9,391.1,-2553.8,12244.87,20020.48,0.22,C,58.3,GIE AGSI+ API v013
EU,2026-08-07,EU,eu,661.5049,1130.2074,58.53,3519,2978.7,359.6,-2619.1,12244.93,20020.39,0.23,E,58.53,GIE AGSI+ API v013
EU,2026-08-08,EU,eu,664.7383,1130.2074,58.82,3519,3440.76,191.3,-3249.5,12244.78,20020.63,0.29,C,58.82,GIE AGSI+ API v013
EU,2026-08-09,EU,eu,667.9812,1130.2074,59.1,3519,3424.21,168.3,-3255.9,12244.13,20021.77,0.29,C,59.1,GIE AGSI+ API v013
EU,2026-08-10,EU,eu,671.0609,1130.2074,59.38,3519,3280.15,188.1,-3092,12243.4,19937.35,0.27,C,59.38,GIE AGSI+ API v013
EU,2026-08-11,EU,eu,674.0005,1130.2074,59.64,3519,3202.95,251,-2951.9,12243.02,19938.02,0.26,C,59.64,GIE AGSI+ API v013
EU,2026-08-12,EU,eu,676.9818,1130.2074,59.9,3519,3221.44,248.2,-2973.3,12232.88,19938.26,0.26,C,59.9,GIE AGSI+ API v013
EU,2026-08-13,EU,eu,679.9655,1130.2074,60.16,3519,3186.89,253.5,-2933.4,12242.58,19938.77,0.26,E,60.16,GIE AGSI+ API v013
EU,2026-08-14,EU,eu,683.1045,1130.2094,60.44,3519,3327.74,289.4,-3038.3,12243.03,19955.88,0.28,E,60.44,GIE AGSI+ API v013
EU,2026-08-15,EU,eu,687.1051,1130.2094,60.79,3519,3771.99,227.3,-3544.6,12242.42,20025,0.35,C,60.79,GIE AGSI+ API v013
EU,2026-08-16,EU,eu,690.882,1130.2094,61.13,3519,3902.71,188.9,-3713.9,12242,20025.93,0.33,C,61.13,GIE AGSI+ API v013
EU,2026-08-17,EU,eu,693.6326,1130.2094,61.37,3519,3178.2,422.7,-2755.5,12242.11,20025.74,0.24,C,61.37,GIE AGSI+ API v013
EU,2026-08-18,EU,eu,696.2681,1130.2094,61.61,3519,3015.31,456.8,-2558.5,12242.27,20025.52,0.23,E,61.61,GIE AGSI+ API v013
